{"type":"FeatureCollection","features":[{"type":"Feature","geometry":{"type":"Point","coordinates":[1.088181,51.272042]},"properties":{"asset":"FAAA003","candidates":"FAAA003","street":"Abbots Barton Walk","variant":"A1","confidence":"Confirmed","basis":"Painted asset number (full)","painted":"?AA003, AAA003, AAA?","note":"","placed":"KCC asset position","dates":["2026-02-06","2026-02-21"],"visits":[15,1],"photos":["20260221_125633.jpg","20260221_125544.jpg","20260221_125550.jpg"]}},{"type":"Feature","geometry":{"type":"Point","coordinates":[1.089637,51.272905]},"properties":{"asset":"FAAA001","candidates":"FAAA001","street":"Abbots Barton Walk","variant":"A1","confidence":"Strong","basis":"Painted number, partly legible (one match nearby)","painted":"A??0?1, A???","note":"","placed":"KCC asset position","dates":["2026-02-06","2026-02-21"],"visits":[16,2],"photos":["20260221_125931.jpg","20260221_125841.jpg","20260221_125847.jpg"]}},{"type":"Feature","geometry":{"type":"Point","coordinates":[1.082903,51.27862]},"properties":{"asset":"FBJT006","candidates":"FBJT006","street":"Burgate","variant":"A2","confidence":"Probable","basis":"Hand-painted number \"6\" on shaft + GPS","painted":"\"6\" (hand-painted)","note":"","placed":"KCC asset position","dates":["2026-02-17","2026-03-12"],"visits":[3,192],"photos":["20260217_132012.jpg"]}},{"type":"Feature","geometry":{"type":"Point","coordinates":[1.083241,51.278434]},"properties":{"asset":"FBJT005","candidates":"FBJT005","street":"Burgate","variant":"A1","confidence":"Confirmed","basis":"Painted asset number (full)","painted":"FBJT005","note":"","placed":"KCC asset position","dates":["2026-02-17","2026-03-12"],"visits":[191,4],"photos":["20260312_132941.jpg","20260312_132851.jpg","20260312_132914.jpg"]}},{"type":"Feature","geometry":{"type":"Point","coordinates":[1.083615,51.278382]},"properties":{"asset":"FBJT004","candidates":"FBJT004","street":"Burgate","variant":"A1-alt","confidence":"Confirmed","basis":"Painted asset number (full)","painted":"F?, FBJT004","note":"","placed":"KCC asset position","dates":["2026-02-17","2026-03-12"],"visits":[190,5],"photos":["20260312_132816.jpg","20260312_132733.jpg","20260312_132756.jpg"]}},{"type":"Feature","geometry":{"type":"Point","coordinates":[1.085031,51.274192]},"properties":{"asset":"FCKD001","candidates":"FCKD001","street":"Cossington Road","variant":"A1","confidence":"Probable","basis":"Painted number, partly legible + GPS","painted":"CK????, C?????","note":"","placed":"KCC asset position","dates":["2026-02-21"],"visits":[6],"photos":["20260221_123857.jpg","20260221_123707.jpg","20260221_123823.jpg"]}},{"type":"Feature","geometry":{"type":"Point","coordinates":[1.085256,51.274023]},"properties":{"asset":"FCKD002","candidates":"FCKD002","street":"Cossington Road","variant":"A1","confidence":"Probable","basis":"Hand-painted number \"2\" on shaft + GPS","painted":"C?????, \"2\" (hand-painted)","note":"","placed":"KCC asset position","dates":["2026-02-21"],"visits":[7],"photos":["20260221_124022.jpg","20260221_124005.jpg","20260221_124015.jpg"]}},{"type":"Feature","geometry":{"type":"Point","coordinates":[1.085509,51.273863]},"properties":{"asset":"FCKD003","candidates":"FCKD003","street":"Cossington Road","variant":"A1","confidence":"Probable","basis":"Hand-painted number \"3\" on shaft + GPS","painted":"\"3\" (hand-painted)","note":"","placed":"KCC asset position","dates":["2026-02-21"],"visits":[8],"photos":["20260221_124155.jpg","20260221_124120.jpg","20260221_124209.jpg"]}},{"type":"Feature","geometry":{"type":"Point","coordinates":[1.085639,51.273694]},"properties":{"asset":"FCKD004","candidates":"FCKD004","street":"Cossington Road","variant":"A1","confidence":"Confirmed","basis":"Painted asset number (full)","painted":"CKD004","note":"","placed":"KCC asset position","dates":["2026-02-21"],"visits":[9],"photos":["20260221_124322.jpg","20260221_124259.jpg","20260221_124333.jpg"]}},{"type":"Feature","geometry":{"type":"Point","coordinates":[1.086155,51.273339]},"properties":{"asset":"FCKD006","candidates":"FCKD006","street":"Cossington Road","variant":"A1","confidence":"Probable","basis":"Painted number, partly legible + GPS","painted":"CKD0, CKD00?","note":"","placed":"KCC asset position","dates":["2026-02-21"],"visits":[10],"photos":["20260221_124553.jpg","20260221_124447.jpg","20260221_124453.jpg"]}},{"type":"Feature","geometry":{"type":"Point","coordinates":[1.086371,51.273198]},"properties":{"asset":"FCKD007","candidates":"FCKD007","street":"Cossington Road","variant":"A1","confidence":"Likely","basis":"GPS (nearest column)","painted":"","note":"","placed":"KCC asset position","dates":["2026-02-21"],"visits":[11],"photos":["20260221_124706.jpg","20260221_124723.jpg","20260221_124711.jpg"]}},{"type":"Feature","geometry":{"type":"Point","coordinates":[1.086628,51.273078]},"properties":{"asset":"FCKD008","candidates":"FCKD008","street":"Cossington Road","variant":"A1-alt","confidence":"Strong","basis":"Painted number, partly legible (one match nearby)","painted":"?K?008, \"8\" (hand-painted)","note":"","placed":"KCC asset position","dates":["2026-02-21"],"visits":[12],"photos":["20260221_124904.jpg","20260221_124846.jpg","20260221_124854.jpg"]}},{"type":"Feature","geometry":{"type":"Point","coordinates":[1.086271,51.272933]},"properties":{"asset":"FCKD009","candidates":"FCKD009; FCKD007","street":"Cossington Road","variant":"A1","confidence":"Probable","basis":"Painted number, partly legible + GPS","painted":"CKD0??","note":"","placed":"KCC asset position","dates":["2026-02-21"],"visits":[13],"photos":["20260221_125029.jpg","20260221_125003.jpg","20260221_125016.jpg"]}},{"type":"Feature","geometry":{"type":"Point","coordinates":[1.086151,51.272755]},"properties":{"asset":"FCKD010","candidates":"FCKD010","street":"Cossington Road","variant":"A1","confidence":"Confirmed","basis":"Painted asset number (full)","painted":"CKD010, CK","note":"","placed":"KCC asset position","dates":["2026-02-21"],"visits":[14],"photos":["20260221_125110.jpg","20260221_125115.jpg","20260221_125112.jpg"]}},{"type":"Feature","geometry":{"type":"Point","coordinates":[1.084547,51.274795]},"properties":{"asset":"FOAP002","candidates":"FOAP002","street":"Oaten Hill Place","variant":"A1","confidence":"Probable","basis":"Painted number, partly legible + GPS","painted":"?AP???, ?AP","note":"","placed":"KCC asset position","dates":["2026-02-21"],"visits":[17],"photos":["20260221_130919.jpg","20260221_130833.jpg","20260221_130840.jpg"]}},{"type":"Feature","geometry":{"type":"Point","coordinates":[1.085308,51.275048]},"properties":{"asset":"FDCX009","candidates":"FDCX009","street":"Dover Street","variant":"A1","confidence":"Likely","basis":"GPS (nearest column)","painted":"","note":"","placed":"KCC asset position","dates":["2026-02-21"],"visits":[18],"photos":["20260221_131149.jpg","20260221_131022.jpg","20260221_131029.jpg"]}},{"type":"Feature","geometry":{"type":"Point","coordinates":[1.084894,51.275465]},"properties":{"asset":"FDCX007","candidates":"FDCX007; FDCX009","street":"Dover Street","variant":"A1","confidence":"Likely","basis":"GPS (nearest column)","painted":"","note":"","placed":"KCC asset position","dates":["2026-02-21"],"visits":[19],"photos":["20260221_131343.jpg","20260221_131255.jpg","20260221_131302.jpg"]}},{"type":"Feature","geometry":{"type":"Point","coordinates":[1.084683,51.275689]},"properties":{"asset":"FDCX006","candidates":"FDCX006","street":"Dover Street","variant":"A1","confidence":"Confirmed","basis":"Painted asset number (full)","painted":"FDCX006","note":"","placed":"KCC asset position","dates":["2026-02-21"],"visits":[20],"photos":["20260221_131515.jpg","20260221_131417.jpg","20260221_131433.jpg"]}},{"type":"Feature","geometry":{"type":"Point","coordinates":[1.084366,51.275889]},"properties":{"asset":"FDCX005","candidates":"FDCX005","street":"Dover Street","variant":"A1","confidence":"Confirmed","basis":"Painted asset number (full)","painted":"FDCX005, FD","note":"","placed":"KCC asset position","dates":["2026-02-21"],"visits":[21],"photos":["20260221_131648.jpg","20260221_131609.jpg","20260221_131626.jpg"]}},{"type":"Feature","geometry":{"type":"Point","coordinates":[1.083706,51.276106]},"properties":{"asset":"FDCX003","candidates":"FDCX003","street":"Dover Street","variant":"A1","confidence":"Confirmed","basis":"Painted asset number (full)","painted":"??03, ?DCX003","note":"","placed":"KCC asset position","dates":["2026-02-21"],"visits":[22],"photos":["20260221_131803.jpg","20260221_131744.jpg","20260221_131748.jpg"]}},{"type":"Feature","geometry":{"type":"Point","coordinates":[1.083825,51.276409]},"properties":{"asset":"FDCX002","candidates":"FDCX002; FDCX001","street":"Dover Street","variant":"A1","confidence":"Likely","basis":"GPS (nearest column)","painted":"","note":"","placed":"KCC asset position","dates":["2026-02-21"],"visits":[23],"photos":["20260221_131940.jpg","20260221_131923.jpg","20260221_131929.jpg"]}},{"type":"Feature","geometry":{"type":"Point","coordinates":[1.083017,51.276588]},"properties":{"asset":"FSHW001","candidates":"FSHW001","street":"St Georges Terrace","variant":"A1","confidence":"Likely","basis":"GPS (nearest column)","painted":"","note":"","placed":"KCC asset position","dates":["2026-02-21"],"visits":[24],"photos":["20260221_132409.jpg","20260221_132344.jpg","20260221_132350.jpg"]}},{"type":"Feature","geometry":{"type":"Point","coordinates":[1.082788,51.276545]},"properties":{"asset":"FSHW002","candidates":"FSHW002","street":"St Georges Terrace","variant":"A1","confidence":"Confirmed","basis":"Painted asset number (full)","painted":"SHW002","note":"","placed":"KCC asset position","dates":["2026-02-21"],"visits":[25],"photos":["20260221_132501.jpg","20260221_132442.jpg","20260221_132450.jpg"]}},{"type":"Feature","geometry":{"type":"Point","coordinates":[1.082452,51.276375]},"properties":{"asset":"FSHW003","candidates":"FSHW003","street":"St Georges Terrace","variant":"A1-alt","confidence":"Confirmed","basis":"Painted asset number (full)","painted":"SHW0?3, SHW003 (first pass)","note":"","placed":"KCC asset position","dates":["2026-02-21"],"visits":[26],"photos":["20260221_132605.jpg","20260221_132540.jpg","20260221_132551.jpg"]}},{"type":"Feature","geometry":{"type":"Point","coordinates":[1.082016,51.276298]},"properties":{"asset":"FSHW004","candidates":"FSHW004","street":"St Georges Terrace","variant":"A1","confidence":"Confirmed","basis":"Painted asset number (full)","painted":"SHW004","note":"","placed":"KCC asset position","dates":["2026-02-21"],"visits":[27],"photos":["20260221_132710.jpg","20260221_132647.jpg","20260221_132656.jpg"]}},{"type":"Feature","geometry":{"type":"Point","coordinates":[1.081666,51.276097]},"properties":{"asset":"FSHW005","candidates":"FSHW005","street":"St Georges Terrace","variant":"A1","confidence":"Confirmed","basis":"Painted asset number (full)","painted":"SHW005","note":"","placed":"KCC asset position","dates":["2026-02-21"],"visits":[28],"photos":["20260221_132813.jpg","20260221_132750.jpg","20260221_132758.jpg"]}},{"type":"Feature","geometry":{"type":"Point","coordinates":[1.081134,51.27592]},"properties":{"asset":"FSHW006","candidates":"FSHW006","street":"St Georges Terrace","variant":"A1","confidence":"Probable","basis":"Painted number, partly legible + GPS","painted":"SHW0??, SH????","note":"","placed":"KCC asset position","dates":["2026-02-21"],"visits":[29],"photos":["20260221_132921.jpg","20260221_132903.jpg","20260221_132910.jpg"]}},{"type":"Feature","geometry":{"type":"Point","coordinates":[1.080965,51.27586]},"properties":{"asset":"FSHW007","candidates":"FSHW007","street":"St Georges Terrace","variant":"A1-alt","confidence":"Confirmed","basis":"Painted asset number (full)","painted":"SHW007","note":"","placed":"KCC asset position","dates":["2026-02-21"],"visits":[30],"photos":["20260221_133024.jpg","20260221_132959.jpg","20260221_133007.jpg"]}},{"type":"Feature","geometry":{"type":"Point","coordinates":[1.08898,51.276681]},"properties":{"asset":"FAAT004","candidates":"FAAT004","street":"Albert Road","variant":"A1","confidence":"Confirmed","basis":"Painted asset number (full)","painted":"?AAT004","note":"","placed":"KCC asset position","dates":["2026-02-24"],"visits":[31],"photos":["20260224_123158.jpg","20260224_123114.jpg","20260224_123123.jpg"]}},{"type":"Feature","geometry":{"type":"Point","coordinates":[1.088857,51.276494]},"properties":{"asset":"FAAT003","candidates":"FAAT003","street":"Albert Road","variant":"A1","confidence":"Confirmed","basis":"Painted asset number (full)","painted":"AAT003","note":"","placed":"KCC asset position","dates":["2026-02-24"],"visits":[32],"photos":["20260224_123408.jpg","20260224_123321.jpg","20260224_123329.jpg"]}},{"type":"Feature","geometry":{"type":"Point","coordinates":[1.088647,51.276358]},"properties":{"asset":"FAAT002","candidates":"FAAT002","street":"Albert Road","variant":"A1","confidence":"Confirmed","basis":"Painted asset number (full)","painted":"AAT002","note":"","placed":"KCC asset position","dates":["2026-02-24"],"visits":[33],"photos":["20260224_123522.jpg","20260224_123500.jpg","20260224_123506.jpg"]}},{"type":"Feature","geometry":{"type":"Point","coordinates":[1.088467,51.276199]},"properties":{"asset":"FAAT001","candidates":"FAAT001","street":"Albert Road","variant":"A1","confidence":"Confirmed","basis":"Painted asset number (full)","painted":"AAT001","note":"","placed":"KCC asset position","dates":["2026-02-24"],"visits":[34],"photos":["20260224_123707.jpg","20260224_123618.jpg","20260224_123629.jpg"]}},{"type":"Feature","geometry":{"type":"Point","coordinates":[1.088644,51.275887]},"properties":{"asset":"FEBA004","candidates":"FEBA004","street":"Edward Road","variant":"A1","confidence":"Confirmed","basis":"Painted asset number (full)","painted":"EBA004","note":"","placed":"KCC asset position","dates":["2026-02-24"],"visits":[35],"photos":["20260224_123855.jpg","20260224_123805.jpg","20260224_123811.jpg"]}},{"type":"Feature","geometry":{"type":"Point","coordinates":[1.088324,51.27604]},"properties":{"asset":"FEBA003","candidates":"FEBA003","street":"Edward Road","variant":"A1","confidence":"Confirmed","basis":"Painted asset number (full)","painted":"EBA003","note":"","placed":"KCC asset position","dates":["2026-02-24"],"visits":[36],"photos":["20260224_124009.jpg","20260224_123932.jpg","20260224_123939.jpg"]}},{"type":"Feature","geometry":{"type":"Point","coordinates":[1.088158,51.276209]},"properties":{"asset":"FEBA002","candidates":"FEBA002","street":"Edward Road","variant":"A1","confidence":"Confirmed","basis":"Painted asset number (full)","painted":"EBA002","note":"","placed":"KCC asset position","dates":["2026-02-24"],"visits":[37],"photos":["20260224_124143.jpg","20260224_124114.jpg","20260224_124155.jpg"]}},{"type":"Feature","geometry":{"type":"Point","coordinates":[1.087924,51.276332]},"properties":{"asset":"FEBA001","candidates":"FEBA001","street":"Edward Road","variant":"A1-alt","confidence":"Confirmed","basis":"Painted asset number (full)","painted":"EBA001","note":"","placed":"KCC asset position","dates":["2026-02-24"],"visits":[38],"photos":["20260224_124358.jpg","20260224_124315.jpg","20260224_124329.jpg"]}},{"type":"Feature","geometry":{"type":"Point","coordinates":[1.087218,51.276761]},"properties":{"asset":"FIAW004","candidates":"FIAW004","street":"Ivy Lane","variant":"A1","confidence":"Strong","basis":"Painted number, partly legible (one match nearby)","painted":"IA?004","note":"","placed":"KCC asset position","dates":["2026-02-24"],"visits":[39],"photos":["20260224_124631.jpg","20260224_124552.jpg","20260224_124600.jpg"]}},{"type":"Feature","geometry":{"type":"Point","coordinates":[1.086929,51.276865]},"properties":{"asset":"FIAW005","candidates":"FIAW005","street":"Ivy Lane","variant":"A1","confidence":"Probable","basis":"Painted number, partly legible + GPS","painted":"IAW0??","note":"","placed":"KCC asset position","dates":["2026-02-24"],"visits":[40],"photos":["20260224_124820.jpg","20260224_124741.jpg","20260224_124751.jpg"]}},{"type":"Feature","geometry":{"type":"Point","coordinates":[1.084873,51.277061]},"properties":{"asset":"FIAW012","candidates":"FIAW012","street":"Ivy Lane","variant":"A1","confidence":"Likely","basis":"GPS (nearest column)","painted":"","note":"FIAW012 is also the top candidate for visit(s) 45 on the same day, so at most one is right","placed":"KCC asset position","dates":["2026-02-24"],"visits":[41],"photos":["20260224_125132.jpg","20260224_125055.jpg","20260224_125140.jpg"]}},{"type":"Feature","geometry":{"type":"Point","coordinates":[1.084605,51.277078]},"properties":{"asset":"FIAW013","candidates":"FIAW013","street":"Ivy Lane","variant":"A1","confidence":"Confirmed","basis":"Painted asset number (full)","painted":"IAW013","note":"","placed":"KCC asset position","dates":["2026-02-24"],"visits":[42],"photos":["20260224_125314.jpg","20260224_125247.jpg","20260224_125257.jpg"]}},{"type":"Feature","geometry":{"type":"Point","coordinates":[1.085289,51.277254]},"properties":{"asset":"FSKF001","candidates":"FSKF001","street":"St Pauls Terrace","variant":"A1","confidence":"Confirmed","basis":"Painted asset number (full)","painted":"SKF001","note":"","placed":"KCC asset position","dates":["2026-02-24"],"visits":[43],"photos":["20260224_125502.jpg","20260224_125437.jpg","20260224_125444.jpg"]}},{"type":"Feature","geometry":{"type":"Point","coordinates":[1.085375,51.277436]},"properties":{"asset":"FSKF002","candidates":"FSKF002","street":"St Pauls Terrace","variant":"A1","confidence":"Strong","basis":"Painted number, partly legible (one match nearby)","painted":"SK???2, SK","note":"","placed":"KCC asset position","dates":["2026-02-24"],"visits":[44],"photos":["20260224_125641.jpg","20260224_125603.jpg","20260224_125610.jpg"]}},{"type":"Feature","geometry":{"type":"Point","coordinates":[1.085202,51.27729]},"properties":{"asset":"FIAW012","candidates":"FIAW012","street":"Ivy Lane","variant":"A1","confidence":"Uncertain","basis":"GPS (nearest column)","painted":"","note":"FIAW012 is also the top candidate for visit(s) 41 on the same day, so at most one is right; Single bracket photo; may be a second shot of a nearby column","placed":"Photo GPS position","dates":["2026-02-24"],"visits":[45],"photos":["20260224_125702.jpg"]}},{"type":"Feature","geometry":{"type":"Point","coordinates":[1.085275,51.278015]},"properties":{"asset":"FCGC004","candidates":"FCGC004; FCGC003","street":"Church Street St Pauls","variant":"A1","confidence":"Uncertain","basis":"GPS (nearest column)","painted":"","note":"","placed":"Photo GPS position","dates":["2026-02-24"],"visits":[46],"photos":["20260224_130159.jpg","20260224_130131.jpg","20260224_130138.jpg"]}},{"type":"Feature","geometry":{"type":"Point","coordinates":[1.085492,51.278056]},"properties":{"asset":"FCGC003","candidates":"FCGC003","street":"Church Street St Pauls","variant":"A1","confidence":"Likely","basis":"GPS (nearest column)","painted":"","note":"","placed":"KCC asset position","dates":["2026-02-24"],"visits":[47],"photos":["20260224_130316.jpg","20260224_130252.jpg","20260224_130259.jpg"]}},{"type":"Feature","geometry":{"type":"Point","coordinates":[1.085802,51.278013]},"properties":{"asset":"FCGC002","candidates":"FCGC002","street":"Church Street St Pauls","variant":"A1","confidence":"Strong","basis":"Painted number, partly legible (one match nearby)","painted":"?C??002, ?C???","note":"","placed":"KCC asset position","dates":["2026-02-24","2026-05-01"],"visits":[48,278],"photos":["20260224_130541.jpg","20260224_130501.jpg","20260224_130511.jpg"]}},{"type":"Feature","geometry":{"type":"Point","coordinates":[1.086287,51.27812]},"properties":{"asset":"FMFR001","candidates":"FMFR001; FCGC001","street":"Monastery Street","variant":"A1","confidence":"Likely","basis":"GPS (nearest column)","painted":"","note":"","placed":"KCC asset position","dates":["2026-02-24"],"visits":[49],"photos":["20260224_130928.jpg","20260224_130810.jpg","20260224_130816.jpg"]}},{"type":"Feature","geometry":{"type":"Point","coordinates":[1.086509,51.278311]},"properties":{"asset":"FMFR002","candidates":"FMFR002","street":"Monastery Street","variant":"A1","confidence":"Confirmed","basis":"Painted asset number (full)","painted":"MFR002","note":"","placed":"KCC asset position","dates":["2026-02-24"],"visits":[50],"photos":["20260224_131133.jpg","20260224_131047.jpg","20260224_131138.jpg"]}},{"type":"Feature","geometry":{"type":"Point","coordinates":[1.086635,51.278557]},"properties":{"asset":"FMFR003","candidates":"FMFR003","street":"Monastery Street","variant":"A1","confidence":"Probable","basis":"Painted number, partly legible + GPS","painted":"MFR00?, MFR00","note":"","placed":"KCC asset position","dates":["2026-02-24"],"visits":[51],"photos":["20260224_131248.jpg","20260224_131217.jpg","20260224_131223.jpg"]}},{"type":"Feature","geometry":{"type":"Point","coordinates":[1.086227,51.279057]},"properties":{"asset":"FLAD005","candidates":"FLAD005","street":"Lady Wootton's Green","variant":"A1","confidence":"Confirmed","basis":"Painted asset number (full)","painted":"FLA?005","note":"","placed":"KCC asset position","dates":["2026-02-24"],"visits":[52],"photos":["20260224_131508.jpg","20260224_131429.jpg","20260224_131435.jpg"]}},{"type":"Feature","geometry":{"type":"Point","coordinates":[1.085941,51.27913]},"properties":{"asset":"FLAD004","candidates":"FLAD004","street":"Lady Wootton's Green","variant":"A1","confidence":"Probable","basis":"Painted number, partly legible + GPS","painted":"FL??0??","note":"","placed":"KCC asset position","dates":["2026-02-24"],"visits":[53],"photos":["20260224_131627.jpg","20260224_131558.jpg","20260224_131605.jpg"]}},{"type":"Feature","geometry":{"type":"Point","coordinates":[1.086142,51.279331]},"properties":{"asset":"FLAD001","candidates":"FLAD001","street":"Lady Wootton's Green","variant":"A1","confidence":"Confirmed","basis":"Painted asset number (full)","painted":"FLAD001, F","note":"","placed":"KCC asset position","dates":["2026-02-24"],"visits":[54],"photos":["20260224_131741.jpg","20260224_131726.jpg","20260224_131731.jpg"]}},{"type":"Feature","geometry":{"type":"Point","coordinates":[1.086399,51.27925]},"properties":{"asset":"FLAD002","candidates":"FLAD002","street":"Lady Wootton's Green","variant":"A1","confidence":"Confirmed","basis":"Painted asset number (full)","painted":"FLAD002, FLA?","note":"","placed":"KCC asset position","dates":["2026-02-24"],"visits":[55],"photos":["20260224_131905.jpg","20260224_131843.jpg","20260224_131849.jpg"]}},{"type":"Feature","geometry":{"type":"Point","coordinates":[1.086722,51.279275]},"properties":{"asset":"FMFR008","candidates":"FMFR008; FLAD003; FMFR007","street":"Monastery Street","variant":"A1","confidence":"Uncertain","basis":"GPS (nearest column)","painted":"","note":"","placed":"Photo GPS position","dates":["2026-02-24"],"visits":[56],"photos":["20260224_132017.jpg","20260224_131957.jpg","20260224_132002.jpg"]}},{"type":"Feature","geometry":{"type":"Point","coordinates":[1.0869,51.279303]},"properties":{"asset":"FMFR009","candidates":"FMFR009","street":"Monastery Street","variant":"A1","confidence":"Confirmed","basis":"Painted asset number (full)","painted":"MFR?09, MFR009 (first pass)","note":"","placed":"KCC asset position","dates":["2026-02-24"],"visits":[57],"photos":["20260224_132117.jpg","20260224_132059.jpg","20260224_132126.jpg"]}},{"type":"Feature","geometry":{"type":"Point","coordinates":[1.087027,51.279534]},"properties":{"asset":"FMFR010","candidates":"FMFR010","street":"Monastery Street","variant":"A1-alt","confidence":"Likely","basis":"GPS (nearest column)","painted":"","note":"","placed":"KCC asset position","dates":["2026-02-24"],"visits":[58],"photos":["20260224_132243.jpg","20260224_132215.jpg","20260224_132224.jpg"]}},{"type":"Feature","geometry":{"type":"Point","coordinates":[1.087053,51.279754]},"properties":{"asset":"FMFR011","candidates":"FMFR011; FMFR012; FMFR010","street":"Monastery Street","variant":"A1","confidence":"Probable","basis":"Painted number, partly legible + GPS","painted":"MFR???","note":"","placed":"KCC asset position","dates":["2026-02-24"],"visits":[59],"photos":["20260224_132358.jpg","20260224_132338.jpg","20260224_132344.jpg"]}},{"type":"Feature","geometry":{"type":"Point","coordinates":[1.086938,51.279865]},"properties":{"asset":"FMFR012","candidates":"FMFR012; FMFR011; FMFR013","street":"Monastery Street","variant":"A1","confidence":"Uncertain","basis":"GPS (nearest column)","painted":"","note":"","placed":"Photo GPS position","dates":["2026-02-24"],"visits":[60],"photos":["20260224_132553.jpg","20260224_132511.jpg","20260224_132541.jpg"]}},{"type":"Feature","geometry":{"type":"Point","coordinates":[1.087032,51.279963]},"properties":{"asset":"FMFR014","candidates":"FMFR014; FMFR012","street":"Monastery Street","variant":"A1","confidence":"Uncertain","basis":"Painted number, partly legible + GPS (one asset per visit per day)","painted":"MFR01?","note":"","placed":"Photo GPS position","dates":["2026-02-24"],"visits":[61],"photos":["20260224_132718.jpg","20260224_132641.jpg","20260224_132653.jpg"]}},{"type":"Feature","geometry":{"type":"Point","coordinates":[1.086825,51.280178]},"properties":{"asset":"FMFR015","candidates":"FMFR015; FMFR014; FMFR013","street":"Monastery Street","variant":"A1","confidence":"Uncertain","basis":"GPS (one asset per visit per day)","painted":"","note":"","placed":"Photo GPS position","dates":["2026-02-24"],"visits":[62],"photos":["20260224_132819.jpg","20260224_132758.jpg","20260224_132806.jpg"]}},{"type":"Feature","geometry":{"type":"Point","coordinates":[1.086268,51.280282]},"properties":{"asset":"FHBV001","candidates":"FHBV001","street":"Havelock Street","variant":"A1","confidence":"Confirmed","basis":"Painted asset number (full)","painted":"HBV001","note":"","placed":"KCC asset position","dates":["2026-02-24"],"visits":[63],"photos":["20260224_133146.jpg","20260224_133049.jpg","20260224_133200.jpg"]}},{"type":"Feature","geometry":{"type":"Point","coordinates":[1.08648,51.280279]},"properties":{"asset":"FHBV002","candidates":"FHBV002","street":"Havelock Street","variant":"A1","confidence":"Confirmed","basis":"Painted asset number (full)","painted":"HBV002, HBV00?","note":"","placed":"KCC asset position","dates":["2026-02-24"],"visits":[64],"photos":["20260224_133510.jpg","20260224_133534.jpg","20260224_133528.jpg"]}},{"type":"Feature","geometry":{"type":"Point","coordinates":[1.086736,51.28042]},"properties":{"asset":"FHBV003","candidates":"FHBV003","street":"Havelock Street","variant":"A1","confidence":"Confirmed","basis":"Painted asset number (full)","painted":"?003, HBV003 (first pass)","note":"","placed":"KCC asset position","dates":["2026-02-24"],"visits":[65],"photos":["20260224_133745.jpg","20260224_133633.jpg","20260224_133706.jpg"]}},{"type":"Feature","geometry":{"type":"Point","coordinates":[1.087019,51.280533]},"properties":{"asset":"FHBV004","candidates":"FHBV004","street":"Havelock Street","variant":"A1","confidence":"Confirmed","basis":"Painted asset number (full)","painted":"?004, HBV004 (first pass)","note":"","placed":"KCC asset position","dates":["2026-02-24"],"visits":[66],"photos":["20260224_133851.jpg","20260224_133831.jpg","20260224_133837.jpg"]}},{"type":"Feature","geometry":{"type":"Point","coordinates":[1.087296,51.280589]},"properties":{"asset":"FHBV005","candidates":"FHBV005","street":"Havelock Street","variant":"A1","confidence":"Likely","basis":"GPS (nearest column)","painted":"","note":"","placed":"KCC asset position","dates":["2026-02-24"],"visits":[67],"photos":["20260224_133952.jpg","20260224_134006.jpg","20260224_133955.jpg"]}},{"type":"Feature","geometry":{"type":"Point","coordinates":[1.087462,51.28067]},"properties":{"asset":"FHBV006","candidates":"FHBV006; FHBV005","street":"Havelock Street","variant":"A1","confidence":"Uncertain","basis":"GPS (nearest column)","painted":"","note":"","placed":"Photo GPS position","dates":["2026-02-24"],"visits":[68],"photos":["20260224_134133.jpg","20260224_134149.jpg","20260224_134146.jpg"]}},{"type":"Feature","geometry":{"type":"Point","coordinates":[1.087663,51.280873]},"properties":{"asset":"FHBV007","candidates":"FHBV007","street":"Havelock Street","variant":"A1","confidence":"Confirmed","basis":"Painted asset number (full)","painted":"HBV007","note":"","placed":"KCC asset position","dates":["2026-02-24"],"visits":[69],"photos":["20260224_134324.jpg","20260224_134306.jpg","20260224_134337.jpg"]}},{"type":"Feature","geometry":{"type":"Point","coordinates":[1.087852,51.280971]},"properties":{"asset":"FHBV008","candidates":"FHBV008","street":"Havelock Street","variant":"A1","confidence":"Confirmed","basis":"Painted asset number (full)","painted":"?8, HBV008","note":"","placed":"KCC asset position","dates":["2026-02-24"],"visits":[70],"photos":["20260224_134525.jpg","20260224_134440.jpg","20260224_134609.jpg"]}},{"type":"Feature","geometry":{"type":"Point","coordinates":[1.086694,51.279953]},"properties":{"asset":"FMFR013","candidates":"FMFR013","street":"Monastery Street","variant":"A1","confidence":"Confirmed","basis":"Painted asset number (full)","painted":"MFR013, MF","note":"","placed":"KCC asset position","dates":["2026-02-26"],"visits":[71],"photos":["20260226_150556.jpg","20260226_150604.jpg","20260226_150601.jpg"]}},{"type":"Feature","geometry":{"type":"Point","coordinates":[1.084525,51.275528]},"properties":{"asset":"FVAQ001","candidates":"FVAQ001; FDCX006; FDCX007","street":"Vernon Place","variant":"A1","confidence":"Uncertain","basis":"GPS (nearest column)","painted":"","note":"","placed":"Photo GPS position","dates":["2026-02-27"],"visits":[72],"photos":["20260227_140843.jpg","20260227_140853.jpg","20260227_140849.jpg"]}},{"type":"Feature","geometry":{"type":"Point","coordinates":[1.083916,51.275275]},"properties":{"asset":"FVAQ003","candidates":"FVAQ003","street":"Vernon Place","variant":"A1","confidence":"Confirmed","basis":"Painted asset number (full)","painted":"VAQ003","note":"","placed":"KCC asset position","dates":["2026-02-27"],"visits":[73],"photos":["20260227_141030.jpg","20260227_141038.jpg","20260227_141035.jpg"]}},{"type":"Feature","geometry":{"type":"Point","coordinates":[1.082496,51.275171]},"properties":{"asset":"FVAQ006","candidates":"FVAQ006","street":"Vernon Place","variant":"A1","confidence":"Probable","basis":"Painted number, partly legible + GPS","painted":"VAQ00?","note":"","placed":"KCC asset position","dates":["2026-02-27"],"visits":[74],"photos":["20260227_141222.jpg","20260227_141228.jpg","20260227_141225.jpg"]}},{"type":"Feature","geometry":{"type":"Point","coordinates":[1.074802,51.281303]},"properties":{"asset":"FWCU001","candidates":"FWCU001","street":"Westgate Grove","variant":"A1","confidence":"Likely","basis":"GPS (nearest column)","painted":"","note":"","placed":"KCC asset position","dates":["2026-03-02"],"visits":[75],"photos":["20260302_151555.jpg","20260302_151546.jpg","20260302_151557.jpg"]}},{"type":"Feature","geometry":{"type":"Point","coordinates":[1.074409,51.281144]},"properties":{"asset":"FWCU002","candidates":"FWCU002","street":"Westgate Grove","variant":"A1","confidence":"Likely","basis":"GPS (nearest column)","painted":"","note":"","placed":"KCC asset position","dates":["2026-03-02"],"visits":[76],"photos":["20260302_151734.jpg","20260302_151741.jpg","20260302_151753.jpg"]}},{"type":"Feature","geometry":{"type":"Point","coordinates":[1.073937,51.281257]},"properties":{"asset":"FWDS001","candidates":"FWDS001","street":"Whitehall Road","variant":"A1","confidence":"Confirmed","basis":"Painted asset number (full)","painted":"WDS001","note":"","placed":"KCC asset position","dates":["2026-03-02"],"visits":[77],"photos":["20260302_151904.jpg","20260302_151911.jpg","20260302_151908.jpg"]}},{"type":"Feature","geometry":{"type":"Point","coordinates":[1.073965,51.280959]},"properties":{"asset":"FWDS002","candidates":"FWDS002","street":"Whitehall Road","variant":"X-mod","confidence":"Confirmed","basis":"Painted asset number (full)","painted":"WDS002","note":"","placed":"KCC asset position","dates":["2026-03-02"],"visits":[78],"photos":["20260302_152614.jpg"]}},{"type":"Feature","geometry":{"type":"Point","coordinates":[1.07033,51.281933]},"properties":{"asset":"FSHL008","candidates":"FSHL008; FOBV001","street":"St Dunstan's Terrace","variant":"A1","confidence":"Uncertain","basis":"GPS (nearest column)","painted":"","note":"","placed":"Photo GPS position","dates":["2026-03-02"],"visits":[79],"photos":["20260302_153233.jpg","20260302_153242.jpg","20260302_153255.jpg"]}},{"type":"Feature","geometry":{"type":"Point","coordinates":[1.070021,51.282081]},"properties":{"asset":"FSHL007","candidates":"FSHL007; FSHL008","street":"St Dunstan's Terrace","variant":"A1","confidence":"Likely","basis":"GPS (nearest column)","painted":"","note":"","placed":"KCC asset position","dates":["2026-03-02"],"visits":[80],"photos":["20260302_153334.jpg","20260302_153338.jpg","20260302_153350.jpg"]}},{"type":"Feature","geometry":{"type":"Point","coordinates":[1.07051,51.28189]},"properties":{"asset":"FOBV001","candidates":"FOBV001; FSHL008","street":"Orchard Street","variant":"A1","confidence":"Likely","basis":"GPS (nearest column)","painted":"","note":"","placed":"KCC asset position","dates":["2026-03-02"],"visits":[81],"photos":["20260302_153501.jpg","20260302_153507.jpg","20260302_153530.jpg"]}},{"type":"Feature","geometry":{"type":"Point","coordinates":[1.069769,51.282246]},"properties":{"asset":"FSHL006","candidates":"FSHL006; FSHL005","street":"St Dunstan's Terrace","variant":"A1","confidence":"Likely","basis":"GPS (nearest column)","painted":"","note":"","placed":"KCC asset position","dates":["2026-03-02"],"visits":[82],"photos":["20260302_153643.jpg","20260302_153648.jpg","20260302_153700.jpg"]}},{"type":"Feature","geometry":{"type":"Point","coordinates":[1.069606,51.282469]},"properties":{"asset":"FSHL005","candidates":"FSHL005","street":"St Dunstan's Terrace","variant":"A1","confidence":"Probable","basis":"Painted number, partly legible + GPS","painted":"S?????","note":"","placed":"KCC asset position","dates":["2026-03-02"],"visits":[83],"photos":["20260302_153811.jpg","20260302_153816.jpg","20260302_153825.jpg"]}},{"type":"Feature","geometry":{"type":"Point","coordinates":[1.069253,51.282585]},"properties":{"asset":"FSHL004","candidates":"FSHL004","street":"St Dunstan's Terrace","variant":"A1-alt","confidence":"Confirmed","basis":"Painted asset number (full)","painted":"SHL004","note":"","placed":"KCC asset position","dates":["2026-03-02"],"visits":[84],"photos":["20260302_153919.jpg","20260302_153915.jpg","20260302_153933.jpg"]}},{"type":"Feature","geometry":{"type":"Point","coordinates":[1.069092,51.282794]},"properties":{"asset":"FSHL003","candidates":"FSHL003","street":"St Dunstan's Terrace","variant":"A1","confidence":"Likely","basis":"GPS (nearest column)","painted":"","note":"","placed":"KCC asset position","dates":["2026-03-02"],"visits":[85],"photos":["20260302_154004.jpg","20260302_154018.jpg","20260302_154015.jpg"]}},{"type":"Feature","geometry":{"type":"Point","coordinates":[1.068832,51.282963]},"properties":{"asset":"FSHL002","candidates":"FSHL002","street":"St Dunstan's Terrace","variant":"A1","confidence":"Probable","basis":"Painted number, partly legible + GPS","painted":"","note":"","placed":"KCC asset position","dates":["2026-03-02"],"visits":[86],"photos":["20260302_154118.jpg","20260302_154123.jpg","20260302_154141.jpg"]}},{"type":"Feature","geometry":{"type":"Point","coordinates":[1.068778,51.282852]},"properties":{"asset":"FSHL001","candidates":"FSHL001; FSHL002; FSHL003","street":"St Dunstan's Terrace","variant":"A1","confidence":"Uncertain","basis":"Painted number, partly legible + GPS (one asset per visit per day)","painted":"SHL00?","note":"","placed":"Photo GPS position","dates":["2026-03-02"],"visits":[87],"photos":["20260302_154237.jpg","20260302_154245.jpg","20260302_154250.jpg"]}},{"type":"Feature","geometry":{"type":"Point","coordinates":[1.072182,51.283008]},"properties":{"asset":"FOBV008","candidates":"FOBV008","street":"Orchard Street","variant":"X-mod","confidence":"Likely","basis":"GPS (nearest column)","painted":"","note":"","placed":"KCC asset position","dates":["2026-03-03"],"visits":[88],"photos":["20260303_123025.jpg"]}},{"type":"Feature","geometry":{"type":"Point","coordinates":[1.071945,51.282849]},"properties":{"asset":"FOBV007","candidates":"FOBV007","street":"Orchard Street","variant":"A1","confidence":"Strong","basis":"Painted number, partly legible (one match nearby)","painted":"??V007","note":"","placed":"KCC asset position","dates":["2026-03-03"],"visits":[89],"photos":["20260303_123220.jpg","20260303_123150.jpg","20260303_123210.jpg"]}},{"type":"Feature","geometry":{"type":"Point","coordinates":[1.071779,51.28265]},"properties":{"asset":"FOBV006","candidates":"FOBV006","street":"Orchard Street","variant":"A1","confidence":"Likely","basis":"GPS (nearest column)","painted":"","note":"","placed":"KCC asset position","dates":["2026-03-03"],"visits":[90],"photos":["20260303_123321.jpg","20260303_123341.jpg","20260303_123331.jpg"]}},{"type":"Feature","geometry":{"type":"Point","coordinates":[1.071415,51.282505]},"properties":{"asset":"FOBV005","candidates":"FOBV005; FOBV006","street":"Orchard Street","variant":"A1","confidence":"Probable","basis":"Painted number, partly legible + GPS","painted":"??V0??","note":"","placed":"KCC asset position","dates":["2026-03-03"],"visits":[91],"photos":["20260303_124613.jpg","20260303_124630.jpg","20260303_124625.jpg"]}},{"type":"Feature","geometry":{"type":"Point","coordinates":[1.071257,51.282292]},"properties":{"asset":"FOBV004","candidates":"FOBV004","street":"Orchard Street","variant":"A1","confidence":"Likely","basis":"GPS (nearest column)","painted":"","note":"","placed":"KCC asset position","dates":["2026-03-03"],"visits":[92],"photos":["20260303_124723.jpg","20260303_124745.jpg","20260303_124736.jpg"]}},{"type":"Feature","geometry":{"type":"Point","coordinates":[1.07098,51.282104]},"properties":{"asset":"FOBV003","candidates":"FOBV003; FOBV002; FNBI008","street":"Orchard Street","variant":"A1","confidence":"Likely","basis":"GPS (nearest column)","painted":"","note":"","placed":"KCC asset position","dates":["2026-03-03"],"visits":[93],"photos":["20260303_124830.jpg","20260303_124857.jpg","20260303_124849.jpg"]}},{"type":"Feature","geometry":{"type":"Point","coordinates":[1.07084,51.282009]},"properties":{"asset":"FOBV002","candidates":"FOBV002; FOBV003","street":"Orchard Street","variant":"A1","confidence":"Likely","basis":"GPS (nearest column)","painted":"","note":"","placed":"KCC asset position","dates":["2026-03-03"],"visits":[94],"photos":["20260303_124936.jpg","20260303_124942.jpg","20260303_124954.jpg"]}},{"type":"Feature","geometry":{"type":"Point","coordinates":[1.071125,51.282169]},"properties":{"asset":"FNBI008","candidates":"FNBI008; FOBV003; FOBV004","street":"New Street","variant":"A1","confidence":"Uncertain","basis":"GPS (one asset per visit per day)","painted":"","note":"","placed":"Photo GPS position","dates":["2026-03-03"],"visits":[95],"photos":["20260303_125204.jpg","20260303_125114.jpg","20260303_125138.jpg"]}},{"type":"Feature","geometry":{"type":"Point","coordinates":[1.070712,51.282257]},"properties":{"asset":"FNBI007","candidates":"FNBI007; FNBI008; FOBV003","street":"New Street","variant":"A1","confidence":"Uncertain","basis":"GPS (one asset per visit per day)","painted":"","note":"","placed":"Photo GPS position","dates":["2026-03-03"],"visits":[96],"photos":["20260303_125327.jpg","20260303_125239.jpg","20260303_125300.jpg"]}},{"type":"Feature","geometry":{"type":"Point","coordinates":[1.070325,51.282469]},"properties":{"asset":"FNBI006","candidates":"FNBI006","street":"New Street","variant":"A1","confidence":"Confirmed","basis":"Painted asset number (full)","painted":"NBI006","note":"","placed":"KCC asset position","dates":["2026-03-03"],"visits":[97],"photos":["20260303_125408.jpg","20260303_125412.jpg","20260303_125437.jpg"]}},{"type":"Feature","geometry":{"type":"Point","coordinates":[1.070078,51.282638]},"properties":{"asset":"FNBI005","candidates":"FNBI005","street":"New Street","variant":"A1","confidence":"Confirmed","basis":"Painted asset number (full)","painted":"NBI005","note":"","placed":"KCC asset position","dates":["2026-03-03"],"visits":[98],"photos":["20260303_125535.jpg","20260303_125551.jpg","20260303_125545.jpg"]}},{"type":"Feature","geometry":{"type":"Point","coordinates":[1.070062,51.282713]},"properties":{"asset":"FNBI004","candidates":"FNBI004; FRFS001","street":"New Street","variant":"A1","confidence":"Uncertain","basis":"GPS (nearest column)","painted":"","note":"","placed":"Photo GPS position","dates":["2026-03-03"],"visits":[99],"photos":["20260303_125742.jpg","20260303_125646.jpg","20260303_125709.jpg"]}},{"type":"Feature","geometry":{"type":"Point","coordinates":[1.069822,51.282672]},"properties":{"asset":"FNBI003","candidates":"FNBI003; FNBI004","street":"New Street","variant":"A1","confidence":"Uncertain","basis":"Painted number, partly legible + GPS (one asset per visit per day)","painted":"NBI00? (last 3 or 8)","note":"","placed":"Photo GPS position","dates":["2026-03-03"],"visits":[100],"photos":["20260303_125844.jpg","20260303_125815.jpg","20260303_125831.jpg"]}},{"type":"Feature","geometry":{"type":"Point","coordinates":[1.069428,51.283154]},"properties":{"asset":"FNBI002","candidates":"FNBI002","street":"New Street","variant":"A1","confidence":"Likely","basis":"GPS (nearest column)","painted":"","note":"","placed":"KCC asset position","dates":["2026-03-03"],"visits":[101],"photos":["20260303_130001.jpg","20260303_125928.jpg","20260303_125946.jpg"]}},{"type":"Feature","geometry":{"type":"Point","coordinates":[1.069175,51.283318]},"properties":{"asset":"FNBI001","candidates":"FNBI001","street":"New Street","variant":"A1","confidence":"Strong","basis":"Painted number, partly legible (one match nearby)","painted":"N?I001","note":"","placed":"KCC asset position","dates":["2026-03-03"],"visits":[102],"photos":["20260303_130116.jpg","20260303_130046.jpg","20260303_130104.jpg"]}},{"type":"Feature","geometry":{"type":"Point","coordinates":[1.070143,51.282965]},"properties":{"asset":"FRFS001","candidates":"FRFS001; FNBI004","street":"Ryde Street","variant":"A1","confidence":"Uncertain","basis":"GPS (nearest column)","painted":"","note":"","placed":"Photo GPS position","dates":["2026-03-03"],"visits":[103],"photos":["20260303_130409.jpg","20260303_130330.jpg","20260303_130347.jpg"]}},{"type":"Feature","geometry":{"type":"Point","coordinates":[1.07041,51.282964]},"properties":{"asset":"FRFS002","candidates":"FRFS002","street":"Ryde Street","variant":"A1","confidence":"Confirmed","basis":"Painted asset number (full)","painted":"RFS002","note":"","placed":"KCC asset position","dates":["2026-03-03"],"visits":[104],"photos":["20260303_130529.jpg","20260303_130440.jpg","20260303_130457.jpg"]}},{"type":"Feature","geometry":{"type":"Point","coordinates":[1.070601,51.282603]},"properties":{"asset":"FCLJ001","candidates":"FCLJ001","street":"Cross Street","variant":"A1","confidence":"Strong","basis":"Painted number, partly legible (one match nearby)","painted":"CLJ0?1","note":"","placed":"KCC asset position","dates":["2026-03-03"],"visits":[105],"photos":["20260303_130829.jpg","20260303_130753.jpg","20260303_130808.jpg"]}},{"type":"Feature","geometry":{"type":"Point","coordinates":[1.071031,51.282885]},"properties":{"asset":"FCLJ003","candidates":"FCLJ003","street":"Cross Street","variant":"A1","confidence":"Strong","basis":"Painted number, partly legible (one match nearby)","painted":"?LJ003","note":"","placed":"KCC asset position","dates":["2026-03-03"],"visits":[106],"photos":["20260303_130950.jpg","20260303_130916.jpg","20260303_130931.jpg"]}},{"type":"Feature","geometry":{"type":"Point","coordinates":[1.07143,51.282886]},"properties":{"asset":"FCGB001","candidates":"FCGB001; FCGB002","street":"Church Street","variant":"A1","confidence":"Uncertain","basis":"GPS (nearest column)","painted":"","note":"","placed":"Photo GPS position","dates":["2026-03-03"],"visits":[107],"photos":["20260303_131027.jpg","20260303_131043.jpg","20260303_131038.jpg"]}},{"type":"Feature","geometry":{"type":"Point","coordinates":[1.071624,51.282779]},"properties":{"asset":"FCGB002","candidates":"FCGB002","street":"Church Street","variant":"A1","confidence":"Probable","basis":"Painted number, partly legible + GPS","painted":"C?B00?","note":"","placed":"KCC asset position","dates":["2026-03-03"],"visits":[108],"photos":["20260303_131255.jpg","20260303_131203.jpg","20260303_131226.jpg"]}},{"type":"Feature","geometry":{"type":"Point","coordinates":[1.076694,51.271392]},"properties":{"asset":"FCAJ003","candidates":"FCAJ003","street":"Cambridge Road","variant":"X-mod","confidence":"Confirmed","basis":"Painted asset number (full)","painted":"FCAJ003","note":"","placed":"KCC asset position","dates":["2026-03-04"],"visits":[109],"photos":["20260304_122524.jpg"]}},{"type":"Feature","geometry":{"type":"Point","coordinates":[1.075766,51.270726]},"properties":{"asset":"FZAA012","candidates":"FZAA012","street":"Zealand Road","variant":"A1","confidence":"Confirmed","basis":"Painted asset number (full)","painted":"ZAA012","note":"","placed":"KCC asset position","dates":["2026-03-04"],"visits":[110],"photos":["20260304_122854.jpg","20260304_122810.jpg","20260304_122832.jpg"]}},{"type":"Feature","geometry":{"type":"Point","coordinates":[1.075105,51.270462]},"properties":{"asset":"FZAA013","candidates":"FZAA013","street":"Zealand Road","variant":"A1","confidence":"Likely","basis":"GPS (nearest column)","painted":"","note":"","placed":"KCC asset position","dates":["2026-03-04"],"visits":[111],"photos":["20260304_123025.jpg","20260304_123001.jpg","20260304_123016.jpg"]}},{"type":"Feature","geometry":{"type":"Point","coordinates":[1.074623,51.270302]},"properties":{"asset":"FHCP011","candidates":"FHCP011; FZAA014","street":"Heaton Road","variant":"A1","confidence":"Uncertain","basis":"GPS (one asset per visit per day)","painted":"","note":"","placed":"Photo GPS position","dates":["2026-03-04"],"visits":[112],"photos":["20260304_123204.jpg","20260304_123139.jpg","20260304_123155.jpg"]}},{"type":"Feature","geometry":{"type":"Point","coordinates":[1.07566,51.271033]},"properties":{"asset":"FLAK003","candidates":"FLAK003","street":"Lancaster Road","variant":"A1","confidence":"Likely","basis":"GPS (nearest column)","painted":"","note":"","placed":"KCC asset position","dates":["2026-03-04"],"visits":[113],"photos":["20260304_123554.jpg","20260304_123509.jpg","20260304_123533.jpg"]}},{"type":"Feature","geometry":{"type":"Point","coordinates":[1.07539,51.27131]},"properties":{"asset":"FLAK002","candidates":"FLAK002","street":"Lancaster Road","variant":"A1","confidence":"Confirmed","basis":"Painted asset number (full)","painted":"?LAK002","note":"","placed":"KCC asset position","dates":["2026-03-04"],"visits":[114],"photos":["20260304_123733.jpg","20260304_123649.jpg","20260304_123706.jpg"]}},{"type":"Feature","geometry":{"type":"Point","coordinates":[1.075095,51.271507]},"properties":{"asset":"FOCO020","candidates":"FOCO020; FLAK001","street":"Oxford Road","variant":"A1","confidence":"Uncertain","basis":"GPS (one asset per visit per day)","painted":"","note":"","placed":"Photo GPS position","dates":["2026-03-04"],"visits":[115],"photos":["20260304_123906.jpg","20260304_123832.jpg","20260304_123856.jpg"]}},{"type":"Feature","geometry":{"type":"Point","coordinates":[1.075577,51.272033]},"properties":{"asset":"FOCO018","candidates":"FOCO018","street":"Oxford Road","variant":"A1","confidence":"Probable","basis":"Painted number, partly legible + GPS","painted":"?OCO01?","note":"","placed":"KCC asset position","dates":["2026-03-04"],"visits":[116],"photos":["20260304_124151.jpg","20260304_124054.jpg","20260304_124127.jpg"]}},{"type":"Feature","geometry":{"type":"Point","coordinates":[1.075315,51.27186]},"properties":{"asset":"FOCO019","candidates":"FOCO019; FLAK001; FOCO018","street":"Oxford Road","variant":"A1","confidence":"Uncertain","basis":"GPS (nearest column)","painted":"","note":"","placed":"Photo GPS position","dates":["2026-03-04"],"visits":[117],"photos":["20260304_124333.jpg","20260304_124234.jpg","20260304_124317.jpg"]}},{"type":"Feature","geometry":{"type":"Point","coordinates":[1.075097,51.271733]},"properties":{"asset":"FLAK001","candidates":"FLAK001; FOCO019; FOCO020","street":"Lancaster Road","variant":"A1","confidence":"Uncertain","basis":"GPS (nearest column)","painted":"","note":"","placed":"Photo GPS position","dates":["2026-03-04"],"visits":[118],"photos":["20260304_124528.jpg","20260304_124442.jpg","20260304_124515.jpg"]}},{"type":"Feature","geometry":{"type":"Point","coordinates":[1.074803,51.270567]},"properties":{"asset":"FZAA014","candidates":"FZAA014; FGEU005; FZAA013","street":"Zealand Road","variant":"A1","confidence":"Uncertain","basis":"GPS (one asset per visit per day)","painted":"","note":"","placed":"Photo GPS position","dates":["2026-03-04"],"visits":[119],"photos":["20260304_124953.jpg","20260304_124906.jpg","20260304_124943.jpg"]}},{"type":"Feature","geometry":{"type":"Point","coordinates":[1.074998,51.270705]},"properties":{"asset":"FGEU005","candidates":"FGEU005; FZAA014; FZAA013","street":"Guildford Road","variant":"A1","confidence":"Likely","basis":"GPS (nearest column)","painted":"","note":"","placed":"KCC asset position","dates":["2026-03-04"],"visits":[120],"photos":["20260304_125201.jpg","20260304_125126.jpg","20260304_125153.jpg"]}},{"type":"Feature","geometry":{"type":"Point","coordinates":[1.074704,51.27097]},"properties":{"asset":"FGEU004","candidates":"FGEU004; FGEU003","street":"Guildford Road","variant":"A1","confidence":"Likely","basis":"GPS (nearest column)","painted":"","note":"","placed":"KCC asset position","dates":["2026-03-04"],"visits":[121],"photos":["20260304_125338.jpg","20260304_125254.jpg","20260304_125330.jpg"]}},{"type":"Feature","geometry":{"type":"Point","coordinates":[1.074588,51.271128]},"properties":{"asset":"FGEU003","candidates":"FGEU003; FGEU004","street":"Guildford Road","variant":"A1","confidence":"Uncertain","basis":"GPS (nearest column)","painted":"","note":"","placed":"Photo GPS position","dates":["2026-03-04"],"visits":[122],"photos":["20260304_125517.jpg","20260304_125448.jpg","20260304_125507.jpg"]}},{"type":"Feature","geometry":{"type":"Point","coordinates":[1.074151,51.27187]},"properties":{"asset":"FGEU001","candidates":"FGEU001","street":"Guildford Road","variant":"A1-alt","confidence":"Probable","basis":"Painted number, partly legible + GPS","painted":"GE????","note":"","placed":"KCC asset position","dates":["2026-03-04"],"visits":[123],"photos":["20260304_125643.jpg","20260304_125623.jpg","20260304_125631.jpg"]}},{"type":"Feature","geometry":{"type":"Point","coordinates":[1.072925,51.271147]},"properties":{"asset":"FNBU001","candidates":"FNBU001; FNBU002","street":"Norfolk Road","variant":"A1","confidence":"Uncertain","basis":"GPS (nearest column)","painted":"","note":"","placed":"Photo GPS position","dates":["2026-03-04"],"visits":[124],"photos":["20260304_130006.jpg","20260304_125930.jpg","20260304_125958.jpg"]}},{"type":"Feature","geometry":{"type":"Point","coordinates":[1.072801,51.271018]},"properties":{"asset":"FNBU002","candidates":"FNBU002","street":"Norfolk Road","variant":"A1","confidence":"Likely","basis":"GPS (nearest column)","painted":"","note":"","placed":"KCC asset position","dates":["2026-03-04"],"visits":[125],"photos":["20260304_130137.jpg","20260304_130055.jpg","20260304_130119.jpg"]}},{"type":"Feature","geometry":{"type":"Point","coordinates":[1.072312,51.270735]},"properties":{"asset":"FNBU003","candidates":"FNBU003","street":"Norfolk Road","variant":"A1","confidence":"Strong","basis":"Painted number, partly legible (one match nearby)","painted":"?BU0?3","note":"","placed":"KCC asset position","dates":["2026-03-04"],"visits":[126],"photos":["20260304_130333.jpg","20260304_130242.jpg","20260304_130306.jpg"]}},{"type":"Feature","geometry":{"type":"Point","coordinates":[1.070878,51.272033]},"properties":{"asset":"FCIN001","candidates":"FCIN001; FVBC004","street":"Cogans Terrace","variant":"A1","confidence":"Uncertain","basis":"GPS (one asset per visit per day)","painted":"","note":"","placed":"Photo GPS position","dates":["2026-03-04"],"visits":[127],"photos":["20260304_131400.jpg","20260304_131302.jpg","20260304_131323.jpg"]}},{"type":"Feature","geometry":{"type":"Point","coordinates":[1.070769,51.27212]},"properties":{"asset":"FVBC004","candidates":"FVBC004","street":"Victoria Road","variant":"A1","confidence":"Likely","basis":"GPS (nearest column)","painted":"","note":"","placed":"KCC asset position","dates":["2026-03-04"],"visits":[128],"photos":["20260304_131528.jpg","20260304_131447.jpg","20260304_131459.jpg"]}},{"type":"Feature","geometry":{"type":"Point","coordinates":[1.070804,51.272329]},"properties":{"asset":"FVBC003","candidates":"FVBC003","street":"Victoria Road","variant":"A1","confidence":"Likely","basis":"GPS (nearest column)","painted":"","note":"","placed":"KCC asset position","dates":["2026-03-04"],"visits":[129],"photos":["20260304_131555.jpg"]}},{"type":"Feature","geometry":{"type":"Point","coordinates":[1.070535,51.272403]},"properties":{"asset":"FVBC002","candidates":"FVBC002; FVBC003","street":"Victoria Road","variant":"A1","confidence":"Uncertain","basis":"GPS (nearest column)","painted":"","note":"","placed":"Photo GPS position","dates":["2026-03-04"],"visits":[130],"photos":["20260304_131758.jpg","20260304_131650.jpg","20260304_131722.jpg"]}},{"type":"Feature","geometry":{"type":"Point","coordinates":[1.070723,51.272653]},"properties":{"asset":"FVBC001","candidates":"FVBC001; FVBC002","street":"Victoria Road","variant":"A1","confidence":"Uncertain","basis":"GPS (nearest column)","painted":"","note":"","placed":"Photo GPS position","dates":["2026-03-04"],"visits":[131],"photos":["20260304_131922.jpg","20260304_131841.jpg","20260304_131900.jpg"]}},{"type":"Feature","geometry":{"type":"Point","coordinates":[1.072432,51.273452]},"properties":{"asset":"FYAH001","candidates":"FYAH001","street":"York Road","variant":"A1","confidence":"Likely","basis":"GPS (nearest column)","painted":"","note":"FYAH001 is also the top candidate for visit(s) 134 on the same day, so at most one is right","placed":"KCC asset position","dates":["2026-03-04"],"visits":[132],"photos":["20260304_132558.jpg","20260304_132435.jpg","20260304_132535.jpg"]}},{"type":"Feature","geometry":{"type":"Point","coordinates":[1.072667,51.27332]},"properties":{"asset":"FYAH002","candidates":"FYAH002; FYAH001","street":"York Road","variant":"A2","confidence":"Uncertain","basis":"GPS (nearest column)","painted":"","note":"","placed":"Photo GPS position","dates":["2026-03-04"],"visits":[133],"photos":["20260304_132720.jpg","20260304_132651.jpg","20260304_132710.jpg"]}},{"type":"Feature","geometry":{"type":"Point","coordinates":[1.072515,51.273338]},"properties":{"asset":"FYAH001","candidates":"FYAH001; FYAH002; FNBJ001","street":"York Road","variant":"A1","confidence":"Uncertain","basis":"GPS (nearest column)","painted":"","note":"FYAH001 is also the top candidate for visit(s) 132 on the same day, so at most one is right","placed":"Photo GPS position","dates":["2026-03-04"],"visits":[134],"photos":["20260304_132949.jpg","20260304_132858.jpg","20260304_132931.jpg"]}},{"type":"Feature","geometry":{"type":"Point","coordinates":[1.072537,51.272926]},"properties":{"asset":"FNBJ001","candidates":"FNBJ001; FYAH003; FYAH002","street":"New Street","variant":"A1","confidence":"Uncertain","basis":"GPS (nearest column)","painted":"","note":"","placed":"Photo GPS position","dates":["2026-03-04"],"visits":[135],"photos":["20260304_133005.jpg"]}},{"type":"Feature","geometry":{"type":"Point","coordinates":[1.071967,51.272882]},"properties":{"asset":"FNBJ002","candidates":"FNBJ002","street":"New Street","variant":"A1-alt","confidence":"Likely","basis":"GPS (nearest column)","painted":"","note":"","placed":"KCC asset position","dates":["2026-03-04"],"visits":[136],"photos":["20260304_133142.jpg","20260304_133057.jpg","20260304_133128.jpg"]}},{"type":"Feature","geometry":{"type":"Point","coordinates":[1.072941,51.272923]},"properties":{"asset":"FYAH003","candidates":"FYAH003","street":"York Road","variant":"X-stub","confidence":"Likely","basis":"GPS (nearest column)","painted":"","note":"","placed":"KCC asset position","dates":["2026-03-04"],"visits":[137],"photos":["20260304_133440.jpg","20260304_133502.jpg","20260304_133520.jpg"]}},{"type":"Feature","geometry":{"type":"Point","coordinates":[1.072893,51.272594]},"properties":{"asset":"FIAX001","candidates":"FIAX001; FIAX002; FYAH003","street":"Ivy Place","variant":"A1","confidence":"Uncertain","basis":"GPS (one asset per visit per day)","painted":"","note":"","placed":"Photo GPS position","dates":["2026-03-04"],"visits":[138],"photos":["20260304_133803.jpg","20260304_133813.jpg","20260304_133830.jpg"]}},{"type":"Feature","geometry":{"type":"Point","coordinates":[1.072631,51.272476]},"properties":{"asset":"FIAX002","candidates":"FIAX002","street":"Ivy Place","variant":"A1","confidence":"Likely","basis":"GPS (nearest column)","painted":"","note":"","placed":"KCC asset position","dates":["2026-03-04"],"visits":[139],"photos":["20260304_133852.jpg","20260304_133843.jpg","20260304_133900.jpg"]}},{"type":"Feature","geometry":{"type":"Point","coordinates":[1.073092,51.273741]},"properties":{"asset":"FTGA002","candidates":"FTGA002","street":"Tudor Road","variant":"A1","confidence":"Likely","basis":"GPS (nearest column)","painted":"","note":"","placed":"KCC asset position","dates":["2026-03-04"],"visits":[140],"photos":["20260304_134510.jpg","20260304_134409.jpg","20260304_134439.jpg"]}},{"type":"Feature","geometry":{"type":"Point","coordinates":[1.073889,51.273279]},"properties":{"asset":"FTGA005","candidates":"FTGA005","street":"Tudor Road","variant":"X-mod","confidence":"Confirmed","basis":"Painted asset number (full)","painted":"FTGA005","note":"","placed":"KCC asset position","dates":["2026-03-04"],"visits":[141],"photos":["20260304_134802.jpg"]}},{"type":"Feature","geometry":{"type":"Point","coordinates":[1.078637,51.276368]},"properties":{"asset":"FMBL003","candidates":"FMBL003","street":"Marlowe Avenue","variant":"A1","confidence":"Confirmed","basis":"Painted asset number (full)","painted":"MBL003","note":"","placed":"KCC asset position","dates":["2026-03-08"],"visits":[142],"photos":["20260308_134640.jpg","20260308_134527.jpg","20260308_134552.jpg"]}},{"type":"Feature","geometry":{"type":"Point","coordinates":[1.078318,51.276302]},"properties":{"asset":"FMBL004","candidates":"FMBL004","street":"Marlowe Avenue","variant":"A1","confidence":"Strong","basis":"Painted number, partly legible (one match nearby)","painted":"M??004","note":"","placed":"KCC asset position","dates":["2026-03-08"],"visits":[143],"photos":["20260308_134812.jpg","20260308_134731.jpg","20260308_134754.jpg"]}},{"type":"Feature","geometry":{"type":"Point","coordinates":[1.078131,51.276159]},"properties":{"asset":"FMBL005","candidates":"FMBL005","street":"Marlowe Avenue","variant":"A1","confidence":"Probable","basis":"Painted number, partly legible + GPS","painted":"MBL00?","note":"","placed":"KCC asset position","dates":["2026-03-08"],"visits":[144],"photos":["20260308_134925.jpg","20260308_134841.jpg","20260308_134906.jpg"]}},{"type":"Feature","geometry":{"type":"Point","coordinates":[1.076959,51.276385]},"properties":{"asset":"FSJU001","candidates":"FSJU001","street":"St Marys Street","variant":"A1","confidence":"Likely","basis":"GPS (nearest column)","painted":"","note":"FSJU001 is also the top candidate for visit(s) 146 on the same day, so at most one is right","placed":"KCC asset position","dates":["2026-03-08"],"visits":[145],"photos":["20260308_135146.jpg","20260308_135102.jpg","20260308_135111.jpg"]}},{"type":"Feature","geometry":{"type":"Point","coordinates":[1.077315,51.276264]},"properties":{"asset":"FSJU001","candidates":"FSJU001","street":"St Marys Street","variant":"A1","confidence":"Uncertain","basis":"GPS (nearest column)","painted":"","note":"FSJU001 is also the top candidate for visit(s) 145 on the same day, so at most one is right; Single base photo; may be a second shot of the previous column","placed":"Photo GPS position","dates":["2026-03-08"],"visits":[146],"photos":["20260308_135258.jpg"]}},{"type":"Feature","geometry":{"type":"Point","coordinates":[1.07726,51.276942]},"properties":{"asset":"FSIH005","candidates":"FSIH005","street":"St John's Lane","variant":"A1","confidence":"Probable","basis":"Painted number, partly legible + GPS","painted":"SIH00?","note":"","placed":"KCC asset position","dates":["2026-03-08"],"visits":[147],"photos":["20260308_135543.jpg","20260308_135501.jpg","20260308_135518.jpg"]}},{"type":"Feature","geometry":{"type":"Point","coordinates":[1.077618,51.276845]},"properties":{"asset":"FSIH004","candidates":"FSIH004","street":"St John's Lane","variant":"A1","confidence":"Confirmed","basis":"Painted asset number (full)","painted":"SIH004","note":"","placed":"KCC asset position","dates":["2026-03-08"],"visits":[148],"photos":["20260308_135732.jpg","20260308_135632.jpg","20260308_135639.jpg"]}},{"type":"Feature","geometry":{"type":"Point","coordinates":[1.077819,51.27674]},"properties":{"asset":"FSIH003","candidates":"FSIH003","street":"St John's Lane","variant":"A1","confidence":"Confirmed","basis":"Painted asset number (full)","painted":"SIH003","note":"","placed":"KCC asset position","dates":["2026-03-08"],"visits":[149],"photos":["20260308_135853.jpg","20260308_135800.jpg","20260308_135830.jpg"]}},{"type":"Feature","geometry":{"type":"Point","coordinates":[1.078267,51.276479]},"properties":{"asset":"FSIH001","candidates":"FSIH001","street":"St John's Lane","variant":"A1","confidence":"Strong","basis":"Painted number, partly legible (one match nearby)","painted":"S?H001","note":"","placed":"KCC asset position","dates":["2026-03-08"],"visits":[150],"photos":["20260308_140025.jpg","20260308_135941.jpg","20260308_140001.jpg"]}},{"type":"Feature","geometry":{"type":"Point","coordinates":[1.078888,51.276973]},"properties":{"asset":"FWBB013","candidates":"FWBB013","street":"Watling Street","variant":"A1","confidence":"Likely","basis":"GPS (nearest column)","painted":"","note":"","placed":"KCC asset position","dates":["2026-03-08"],"visits":[151],"photos":["20260308_140318.jpg","20260308_140228.jpg","20260308_140252.jpg"]}},{"type":"Feature","geometry":{"type":"Point","coordinates":[1.078807,51.277205]},"properties":{"asset":"FWBB014","candidates":"FWBB014","street":"Watling Street","variant":"A1","confidence":"Strong","basis":"Painted number, partly legible (one match nearby)","painted":"?BB014","note":"","placed":"KCC asset position","dates":["2026-03-08"],"visits":[152],"photos":["20260308_140439.jpg","20260308_140356.jpg","20260308_140415.jpg"]}},{"type":"Feature","geometry":{"type":"Point","coordinates":[1.076815,51.277067]},"properties":{"asset":"FHGV002","candidates":"FHGV002","street":"Hospital Lane","variant":"A1","confidence":"Confirmed","basis":"Painted asset number (full)","painted":"HGV002","note":"","placed":"KCC asset position","dates":["2026-03-08"],"visits":[153],"photos":["20260308_140923.jpg","20260308_140839.jpg","20260308_140901.jpg"]}},{"type":"Feature","geometry":{"type":"Point","coordinates":[1.075548,51.277128]},"properties":{"asset":"FSMV015","candidates":"FSMV015","street":"Stour Street","variant":"A1","confidence":"Confirmed","basis":"Painted asset number (full)","painted":"F, FSMV015","note":"","placed":"KCC asset position","dates":["2026-03-08"],"visits":[154],"photos":["20260308_141405.jpg","20260308_141318.jpg","20260308_141326.jpg"]}},{"type":"Feature","geometry":{"type":"Point","coordinates":[1.075418,51.277041]},"properties":{"asset":"FSMV016","candidates":"FSMV016","street":"Stour Street","variant":"A1","confidence":"Confirmed","basis":"Painted asset number (full)","painted":"FSMV016","note":"","placed":"KCC asset position","dates":["2026-03-08"],"visits":[155],"photos":["20260308_141509.jpg","20260308_141438.jpg","20260308_141444.jpg"]}},{"type":"Feature","geometry":{"type":"Point","coordinates":[1.075191,51.276877]},"properties":{"asset":"FSMV017","candidates":"FSMV017","street":"Stour Street","variant":"A1","confidence":"Strong","basis":"Painted number, partly legible (one match nearby)","painted":"S?V017","note":"","placed":"KCC asset position","dates":["2026-03-08"],"visits":[156],"photos":["20260308_141644.jpg","20260308_141602.jpg","20260308_141612.jpg"]}},{"type":"Feature","geometry":{"type":"Point","coordinates":[1.07473,51.276765]},"properties":{"asset":"FCFO001","candidates":"FCFO001","street":"Church Lane","variant":"A1","confidence":"Confirmed","basis":"Painted asset number (full)","painted":"CFO001","note":"","placed":"KCC asset position","dates":["2026-03-08"],"visits":[157],"photos":["20260308_141823.jpg","20260308_141737.jpg","20260308_141759.jpg"]}},{"type":"Feature","geometry":{"type":"Point","coordinates":[1.074398,51.27655]},"properties":{"asset":"FCFO002","candidates":"FCFO002","street":"Church Lane","variant":"A1","confidence":"Strong","basis":"Painted number, partly legible (one match nearby)","painted":"CFO?02","note":"","placed":"KCC asset position","dates":["2026-03-08"],"visits":[158],"photos":["20260308_141954.jpg","20260308_141903.jpg","20260308_141925.jpg"]}},{"type":"Feature","geometry":{"type":"Point","coordinates":[1.074303,51.276294]},"properties":{"asset":"FCFO003","candidates":"FCFO003","street":"Church Lane","variant":"A1","confidence":"Likely","basis":"GPS (nearest column)","painted":"","note":"","placed":"KCC asset position","dates":["2026-03-08"],"visits":[159],"photos":["20260308_142146.jpg","20260308_142029.jpg","20260308_142057.jpg"]}},{"type":"Feature","geometry":{"type":"Point","coordinates":[1.074064,51.276184]},"properties":{"asset":"FCFO004","candidates":"FCFO004","street":"Church Lane","variant":"A1","confidence":"Likely","basis":"GPS (nearest column)","painted":"","note":"","placed":"KCC asset position","dates":["2026-03-08"],"visits":[160],"photos":["20260308_142252.jpg","20260308_142218.jpg","20260308_142224.jpg"]}},{"type":"Feature","geometry":{"type":"Point","coordinates":[1.0737,51.275955]},"properties":{"asset":"FCFO005","candidates":"FCFO005","street":"Church Lane","variant":"A1-alt","confidence":"Confirmed","basis":"Painted asset number (full)","painted":"CFO005","note":"","placed":"KCC asset position","dates":["2026-03-08"],"visits":[161],"photos":["20260308_142454.jpg","20260308_142350.jpg","20260308_142410.jpg"]}},{"type":"Feature","geometry":{"type":"Point","coordinates":[1.076919,51.278098]},"properties":{"asset":"FSMV009","candidates":"FSMV009","street":"Stour Street","variant":"A1-alt","confidence":"Probable","basis":"Painted number, partly legible + GPS","painted":"SMV00?","note":"","placed":"KCC asset position","dates":["2026-03-08"],"visits":[162],"photos":["20260308_143508.jpg","20260308_143357.jpg","20260308_143413.jpg"]}},{"type":"Feature","geometry":{"type":"Point","coordinates":[1.076945,51.27865]},"properties":{"asset":"FWAV004","candidates":"FWAV004; FWAV003; FWAV006","street":"Water Lane","variant":"A1","confidence":"Uncertain","basis":"GPS (nearest column)","painted":"","note":"","placed":"Photo GPS position","dates":["2026-03-08"],"visits":[163],"photos":["20260308_143811.jpg","20260308_143713.jpg","20260308_143737.jpg"]}},{"type":"Feature","geometry":{"type":"Point","coordinates":[1.076803,51.27861]},"properties":{"asset":"FWAV003","candidates":"FWAV003; FWAV004; FWAV002","street":"Water Lane","variant":"A1","confidence":"Uncertain","basis":"GPS (nearest column)","painted":"","note":"","placed":"Photo GPS position","dates":["2026-03-08"],"visits":[164],"photos":["20260308_143910.jpg","20260308_143841.jpg","20260308_143853.jpg"]}},{"type":"Feature","geometry":{"type":"Point","coordinates":[1.076672,51.278762]},"properties":{"asset":"FWAV002","candidates":"FWAV002; FWAV001; FWAV003","street":"Water Lane","variant":"A1","confidence":"Uncertain","basis":"GPS (nearest column)","painted":"","note":"","placed":"Photo GPS position","dates":["2026-03-08"],"visits":[165],"photos":["20260308_144026.jpg","20260308_143930.jpg","20260308_143953.jpg"]}},{"type":"Feature","geometry":{"type":"Point","coordinates":[1.076528,51.278802]},"properties":{"asset":"FWAV001","candidates":"FWAV001; FWAV002","street":"Water Lane","variant":"A1","confidence":"Uncertain","basis":"GPS (nearest column)","painted":"","note":"","placed":"Photo GPS position","dates":["2026-03-08"],"visits":[166],"photos":["20260308_144131.jpg","20260308_144042.jpg","20260308_144108.jpg"]}},{"type":"Feature","geometry":{"type":"Point","coordinates":[1.078446,51.279465]},"properties":{"asset":"FSMV002","candidates":"FSMV002","street":"Stour Street","variant":"A1-alt","confidence":"Confirmed","basis":"Painted asset number (full)","painted":"SMV002, S?V002","note":"","placed":"KCC asset position","dates":["2026-03-08"],"visits":[167],"photos":["20260308_144810.jpg","20260308_144700.jpg","20260308_144731.jpg"]}},{"type":"Feature","geometry":{"type":"Point","coordinates":[1.078639,51.279567]},"properties":{"asset":"FSMV001","candidates":"FSMV001","street":"Stour Street","variant":"A1","confidence":"Strong","basis":"Painted number, partly legible (one match nearby)","painted":"S?V001","note":"","placed":"KCC asset position","dates":["2026-03-08"],"visits":[168],"photos":["20260308_144909.jpg","20260308_144832.jpg","20260308_144848.jpg"]}},{"type":"Feature","geometry":{"type":"Point","coordinates":[1.078642,51.278298]},"properties":{"asset":"FHCC004","candidates":"FHCC004","street":"Hawks Lane","variant":"A1","confidence":"Strong","basis":"Painted number, partly legible (one match nearby)","painted":"?CC004","note":"","placed":"KCC asset position","dates":["2026-03-08"],"visits":[169],"photos":["20260308_145258.jpg","20260308_145206.jpg","20260308_145229.jpg"]}},{"type":"Feature","geometry":{"type":"Point","coordinates":[1.078745,51.277565]},"properties":{"asset":"FSIY008","candidates":"FSIY008","street":"St Margaret's Street","variant":"A1","confidence":"Probable","basis":"Hand-painted number \"8\" on shaft + GPS","painted":"\"8\" (hand-painted)","note":"","placed":"KCC asset position","dates":["2026-03-08"],"visits":[170],"photos":["20260308_145536.jpg","20260308_145446.jpg","20260308_145504.jpg"]}},{"type":"Feature","geometry":{"type":"Point","coordinates":[1.078778,51.277622]},"properties":{"asset":"FCCC001","candidates":"FCCC001; FWBB015; FSIY006","street":"Castle Street","variant":"A1","confidence":"Uncertain","basis":"GPS (nearest column)","painted":"","note":"","placed":"Photo GPS position","dates":["2026-03-08"],"visits":[171],"photos":["20260308_145731.jpg","20260308_145655.jpg","20260308_145711.jpg"]}},{"type":"Feature","geometry":{"type":"Point","coordinates":[1.07993,51.278258]},"properties":{"asset":"FSIY002","candidates":"FSIY002; FSIY003","street":"St Margaret's Street","variant":"A1","confidence":"Likely","basis":"GPS (nearest column)","painted":"","note":"","placed":"KCC asset position","dates":["2026-03-08"],"visits":[172],"photos":["20260308_145957.jpg","20260308_145905.jpg","20260308_145922.jpg"]}},{"type":"Feature","geometry":{"type":"Point","coordinates":[1.076679,51.275918]},"properties":{"asset":"FCCA008","candidates":"FCCA008","street":"Castle Row","variant":"A1-alt","confidence":"Probable","basis":"Painted number, partly legible + GPS","painted":"CCA00?","note":"","placed":"KCC asset position","dates":["2026-03-09"],"visits":[173],"photos":["20260309_132140.jpg","20260309_132035.jpg","20260309_132102.jpg"]}},{"type":"Feature","geometry":{"type":"Point","coordinates":[1.076543,51.275829]},"properties":{"asset":"FCCA007","candidates":"FCCA007","street":"Castle Row","variant":"A1","confidence":"Confirmed","basis":"Painted asset number (full)","painted":"CCA007","note":"","placed":"KCC asset position","dates":["2026-03-09"],"visits":[174],"photos":["20260309_132344.jpg","20260309_132206.jpg","20260309_132246.jpg"]}},{"type":"Feature","geometry":{"type":"Point","coordinates":[1.076408,51.275678]},"properties":{"asset":"FCCA006","candidates":"FCCA006","street":"Castle Row","variant":"A1","confidence":"Confirmed","basis":"Painted asset number (full)","painted":"CCA006","note":"","placed":"KCC asset position","dates":["2026-03-09"],"visits":[175],"photos":["20260309_132506.jpg","20260309_132416.jpg","20260309_132437.jpg"]}},{"type":"Feature","geometry":{"type":"Point","coordinates":[1.076213,51.275522]},"properties":{"asset":"FCCA005","candidates":"FCCA005","street":"Castle Row","variant":"A1","confidence":"Confirmed","basis":"Painted asset number (full)","painted":"CCA005","note":"","placed":"KCC asset position","dates":["2026-03-09"],"visits":[176],"photos":["20260309_132635.jpg","20260309_132536.jpg","20260309_132603.jpg"]}},{"type":"Feature","geometry":{"type":"Point","coordinates":[1.076049,51.275391]},"properties":{"asset":"FCCA004","candidates":"FCCA004","street":"Castle Row","variant":"A1","confidence":"Confirmed","basis":"Painted asset number (full)","painted":"CCA004","note":"","placed":"KCC asset position","dates":["2026-03-09"],"visits":[177],"photos":["20260309_132822.jpg","20260309_132705.jpg","20260309_132744.jpg"]}},{"type":"Feature","geometry":{"type":"Point","coordinates":[1.075696,51.275094]},"properties":{"asset":"FCCA001","candidates":"FCCA001","street":"Castle Row","variant":"A1","confidence":"Confirmed","basis":"Painted asset number (full)","painted":"CCA001","note":"","placed":"KCC asset position","dates":["2026-03-09"],"visits":[178],"photos":["20260309_133022.jpg","20260309_132911.jpg","20260309_132939.jpg"]}},{"type":"Feature","geometry":{"type":"Point","coordinates":[1.075386,51.275753]},"properties":{"asset":"FCCC012","candidates":"FCCC012","street":"Castle Street","variant":"A1","confidence":"Confirmed","basis":"Painted asset number (full)","painted":"CCC012","note":"","placed":"KCC asset position","dates":["2026-03-09"],"visits":[179],"photos":["20260309_133345.jpg","20260309_133249.jpg","20260309_133315.jpg"]}},{"type":"Feature","geometry":{"type":"Point","coordinates":[1.075604,51.275929]},"properties":{"asset":"FCCC011","candidates":"FCCC011","street":"Castle Street","variant":"A1","confidence":"Likely","basis":"GPS (nearest column)","painted":"","note":"","placed":"KCC asset position","dates":["2026-03-09"],"visits":[180],"photos":["20260309_133425.jpg","20260309_133509.jpg","20260309_133450.jpg"]}},{"type":"Feature","geometry":{"type":"Point","coordinates":[1.075643,51.276107]},"properties":{"asset":"FCCC010","candidates":"FCCC010","street":"Castle Street","variant":"A2","confidence":"Confirmed","basis":"Painted asset number (full)","painted":"CCC010","note":"","placed":"KCC asset position","dates":["2026-03-09"],"visits":[181],"photos":["20260309_133720.jpg","20260309_133611.jpg","20260309_133633.jpg"]}},{"type":"Feature","geometry":{"type":"Point","coordinates":[1.075803,51.275948]},"properties":{"asset":"FCNZ001","candidates":"FCNZ001; FCCC011","street":"Castle Street Car Park","variant":"A1","confidence":"Uncertain","basis":"GPS (one asset per visit per day)","painted":"","note":"","placed":"Photo GPS position","dates":["2026-03-09"],"visits":[182],"photos":["20260309_133830.jpg"]}},{"type":"Feature","geometry":{"type":"Point","coordinates":[1.076597,51.276295]},"properties":{"asset":"FSJU001","candidates":"FSJU001; FCCC006; FCCC007","street":"St Marys Street","variant":"A1","confidence":"Uncertain","basis":"GPS (nearest column)","painted":"","note":"","placed":"Photo GPS position","dates":["2026-03-09"],"visits":[183],"photos":["20260309_134214.jpg","20260309_134048.jpg","20260309_134057.jpg"]}},{"type":"Feature","geometry":{"type":"Point","coordinates":[1.076453,51.276305]},"properties":{"asset":"FCCC007","candidates":"FCCC007; FCCC006; FCCC005","street":"Castle Street","variant":"A1","confidence":"Uncertain","basis":"Painted number, partly legible + GPS","painted":"CCC???","note":"","placed":"Photo GPS position","dates":["2026-03-09"],"visits":[184],"photos":["20260309_134329.jpg","20260309_134239.jpg","20260309_134301.jpg"]}},{"type":"Feature","geometry":{"type":"Point","coordinates":[1.076742,51.276829]},"properties":{"asset":"FCCC004","candidates":"FCCC004; FCCC005","street":"Castle Street","variant":"A1-alt","confidence":"Probable","basis":"Painted number, partly legible + GPS","painted":"CCC0??","note":"","placed":"KCC asset position","dates":["2026-03-09"],"visits":[185],"photos":["20260309_134847.jpg","20260309_134728.jpg","20260309_134804.jpg"]}},{"type":"Feature","geometry":{"type":"Point","coordinates":[1.077058,51.276946]},"properties":{"asset":"FCCC303","candidates":"FCCC303","street":"Castle Street","variant":"X-stub","confidence":"Confirmed","basis":"Painted asset number (full)","painted":"","note":"","placed":"KCC asset position","dates":["2026-03-09"],"visits":[186],"photos":["20260309_135108.jpg","20260309_134939.jpg","20260309_135015.jpg"]}},{"type":"Feature","geometry":{"type":"Point","coordinates":[1.078232,51.277493]},"properties":{"asset":"FCCC301","candidates":"FCCC301","street":"Castle Street","variant":"A1-alt","confidence":"Strong","basis":"Painted number, partly legible (one match nearby)","painted":"CCC3?1","note":"","placed":"KCC asset position","dates":["2026-03-09"],"visits":[187],"photos":["20260309_135417.jpg","20260309_135328.jpg","20260309_135401.jpg"]}},{"type":"Feature","geometry":{"type":"Point","coordinates":[1.076207,51.276377]},"properties":{"asset":"FCCC007","candidates":"FCCC007","street":"Castle Street","variant":"A1","confidence":"Strong","basis":"Painted number, partly legible (one match nearby)","painted":"CCC?07","note":"","placed":"KCC asset position","dates":["2026-03-10"],"visits":[188],"photos":["20260310_131631.jpg","20260310_131530.jpg","20260310_131555.jpg"]}},{"type":"Feature","geometry":{"type":"Point","coordinates":[1.084268,51.278228]},"properties":{"asset":"FBJT002","candidates":"FBJT002; FBJT001","street":"Burgate","variant":"A2","confidence":"Likely","basis":"GPS (nearest column)","painted":"","note":"","placed":"KCC asset position","dates":["2026-03-12"],"visits":[189],"photos":["20260312_132602.jpg","20260312_132523.jpg","20260312_132540.jpg"]}},{"type":"Feature","geometry":{"type":"Point","coordinates":[1.081622,51.279048]},"properties":{"asset":"FBJT010","candidates":"FBJT010; FBJT011","street":"Burgate","variant":"A1-alt","confidence":"Uncertain","basis":"GPS (nearest column)","painted":"","note":"","placed":"Photo GPS position","dates":["2026-03-12"],"visits":[193],"photos":["20260312_133435.jpg","20260312_133344.jpg","20260312_133409.jpg"]}},{"type":"Feature","geometry":{"type":"Point","coordinates":[1.081445,51.279168]},"properties":{"asset":"FBJT011","candidates":"FBJT011; FBJT010","street":"Burgate","variant":"A1","confidence":"Uncertain","basis":"GPS (nearest column)","painted":"","note":"","placed":"Photo GPS position","dates":["2026-03-12"],"visits":[194],"photos":["20260312_133636.jpg","20260312_133514(0).jpg","20260312_133540.jpg"]}},{"type":"Feature","geometry":{"type":"Point","coordinates":[1.081115,51.279113]},"properties":{"asset":"FBJT012","candidates":"FBJT012; FBJT011","street":"Burgate","variant":"A1-alt","confidence":"Probable","basis":"Painted number, partly legible + GPS","painted":"?BJT0??","note":"","placed":"KCC asset position","dates":["2026-03-12"],"visits":[195],"photos":["20260312_133759.jpg","20260312_133722.jpg","20260312_133731.jpg"]}},{"type":"Feature","geometry":{"type":"Point","coordinates":[1.079041,51.279995]},"properties":{"asset":"FBDG005","candidates":"FBDG005","street":"Best Lane","variant":"B2","confidence":"Probable","basis":"Painted number, partly legible + GPS","painted":"???005","note":"Post-top by the K6 phone boxes; photographed again on 18 Mar","placed":"KCC asset position","dates":["2026-03-13","2026-03-18"],"visits":[196,236],"photos":["20260313_151454.jpg","20260313_151452.jpg"]}},{"type":"Feature","geometry":{"type":"Point","coordinates":[1.079325,51.280787]},"properties":{"asset":"FTCS006","candidates":"FTCS006","street":"The Friars","variant":"A1","confidence":"Confirmed","basis":"Painted asset number (full)","painted":"FTCS006","note":"","placed":"KCC asset position","dates":["2026-03-13"],"visits":[197],"photos":["20260313_152036.jpg","20260313_151954.jpg","20260313_152014.jpg"]}},{"type":"Feature","geometry":{"type":"Point","coordinates":[1.078947,51.280745]},"properties":{"asset":"FTCS005","candidates":"FTCS005","street":"The Friars","variant":"A1","confidence":"Confirmed","basis":"Painted asset number (full)","painted":"FTCS005","note":"","placed":"KCC asset position","dates":["2026-03-13"],"visits":[198],"photos":["20260313_152427.jpg","20260313_152342.jpg","20260313_152352.jpg"]}},{"type":"Feature","geometry":{"type":"Point","coordinates":[1.078438,51.280707]},"properties":{"asset":"FTCS003","candidates":"FTCS003","street":"The Friars","variant":"A1","confidence":"Confirmed","basis":"Painted asset number (full)","painted":"FTCS003","note":"","placed":"KCC asset position","dates":["2026-03-13"],"visits":[199],"photos":["20260313_152543.jpg","20260313_152510.jpg","20260313_152530.jpg"]}},{"type":"Feature","geometry":{"type":"Point","coordinates":[1.077982,51.280606]},"properties":{"asset":"FTCS002","candidates":"FTCS002","street":"The Friars","variant":"A1","confidence":"Confirmed","basis":"Painted asset number (full)","painted":"FTCS002","note":"","placed":"KCC asset position","dates":["2026-03-13"],"visits":[200],"photos":["20260313_152714.jpg","20260313_152637.jpg","20260313_152644.jpg"]}},{"type":"Feature","geometry":{"type":"Point","coordinates":[1.077881,51.280474]},"properties":{"asset":"FTCS001","candidates":"FTCS001","street":"The Friars","variant":"A1","confidence":"Confirmed","basis":"Painted asset number (full)","painted":"FTCS001","note":"","placed":"KCC asset position","dates":["2026-03-13"],"visits":[201],"photos":["20260313_152815.jpg","20260313_152740.jpg","20260313_152801.jpg"]}},{"type":"Feature","geometry":{"type":"Point","coordinates":[1.081052,51.280766]},"properties":{"asset":"FSGV003","candidates":"FSGV003","street":"St Alphege Lane","variant":"A1","confidence":"Confirmed","basis":"Painted asset number (full)","painted":"SGV003","note":"","placed":"KCC asset position","dates":["2026-03-16"],"visits":[202],"photos":["20260316_134934.jpg","20260316_134811.jpg","20260316_134833.jpg"]}},{"type":"Feature","geometry":{"type":"Point","coordinates":[1.080829,51.280823]},"properties":{"asset":"FSGV002","candidates":"FSGV002","street":"St Alphege Lane","variant":"A1","confidence":"Likely","basis":"GPS (nearest column)","painted":"","note":"","placed":"KCC asset position","dates":["2026-03-16"],"visits":[203],"photos":["20260316_135553.jpg","20260316_135009.jpg","20260316_135409.jpg"]}},{"type":"Feature","geometry":{"type":"Point","coordinates":[1.079913,51.280748]},"properties":{"asset":"FKAZ009","candidates":"FKAZ009; FKAZ008","street":"King Street","variant":"A1","confidence":"Probable","basis":"Painted number, partly legible + GPS","painted":"KAZ00?","note":"","placed":"KCC asset position","dates":["2026-03-16"],"visits":[204],"photos":["20260316_140500.jpg","20260316_140403.jpg","20260316_140426.jpg"]}},{"type":"Feature","geometry":{"type":"Point","coordinates":[1.080207,51.280927]},"properties":{"asset":"FKAZ008","candidates":"FKAZ008","street":"King Street","variant":"A1","confidence":"Probable","basis":"Painted number, partly legible + GPS","painted":"K?Z?0?","note":"","placed":"KCC asset position","dates":["2026-03-16"],"visits":[205],"photos":["20260316_140658.jpg","20260316_140543.jpg","20260316_140608.jpg"]}},{"type":"Feature","geometry":{"type":"Point","coordinates":[1.080558,51.281049]},"properties":{"asset":"FKAZ007","candidates":"FKAZ007","street":"King Street","variant":"A1","confidence":"Confirmed","basis":"Painted asset number (full)","painted":"KAZ007","note":"","placed":"KCC asset position","dates":["2026-03-16"],"visits":[206],"photos":["20260316_140858.jpg","20260316_140737.jpg","20260316_140804.jpg"]}},{"type":"Feature","geometry":{"type":"Point","coordinates":[1.080575,51.28119]},"properties":{"asset":"FKAZ006","candidates":"FKAZ006","street":"King Street","variant":"A1","confidence":"Strong","basis":"Painted number, partly legible (one match nearby)","painted":"KAZ?06","note":"","placed":"KCC asset position","dates":["2026-03-16"],"visits":[207],"photos":["20260316_141022.jpg","20260316_140929.jpg","20260316_140946.jpg"]}},{"type":"Feature","geometry":{"type":"Point","coordinates":[1.080826,51.281303]},"properties":{"asset":"FKAZ005","candidates":"FKAZ005","street":"King Street","variant":"A1","confidence":"Probable","basis":"Painted number, partly legible + GPS","painted":"?A??0?","note":"","placed":"KCC asset position","dates":["2026-03-16"],"visits":[208],"photos":["20260316_141156.jpg","20260316_141052.jpg","20260316_141117.jpg"]}},{"type":"Feature","geometry":{"type":"Point","coordinates":[1.080971,51.281537]},"properties":{"asset":"FKAZ004","candidates":"FKAZ004","street":"King Street","variant":"A1","confidence":"Confirmed","basis":"Painted asset number (full)","painted":"?004, KA?004, FKAZ004 (first pass)","note":"","placed":"KCC asset position","dates":["2026-03-16"],"visits":[209],"photos":["20260316_141341.jpg","20260316_141235.jpg","20260316_141309.jpg"]}},{"type":"Feature","geometry":{"type":"Point","coordinates":[1.081167,51.281751]},"properties":{"asset":"FKAZ003","candidates":"FKAZ003","street":"King Street","variant":"A1","confidence":"Probable","basis":"Painted number, partly legible + GPS","painted":"?03, ???03","note":"","placed":"KCC asset position","dates":["2026-03-16"],"visits":[210],"photos":["20260316_141548.jpg","20260316_141440.jpg","20260316_141507.jpg"]}},{"type":"Feature","geometry":{"type":"Point","coordinates":[1.084475,51.285506]},"properties":{"asset":"FRGS015","candidates":"FRGS015","street":"Riverside Walk","variant":"A1","confidence":"Likely","basis":"GPS (nearest column)","painted":"\"?5\" (hand-painted)","note":"","placed":"KCC asset position","dates":["2026-03-18"],"visits":[211],"photos":["20260318_132746.jpg","20260318_132656.jpg","20260318_132705.jpg"]}},{"type":"Feature","geometry":{"type":"Point","coordinates":[1.084113,51.285308]},"properties":{"asset":"FRGS014","candidates":"FRGS014","street":"Riverside Walk","variant":"A1","confidence":"Probable","basis":"Hand-painted number \"14\" on shaft + GPS","painted":"\"14\" (hand-painted)","note":"","placed":"KCC asset position","dates":["2026-03-18"],"visits":[212],"photos":["20260318_133025.jpg","20260318_132931.jpg","20260318_133001.jpg"]}},{"type":"Feature","geometry":{"type":"Point","coordinates":[1.083807,51.285144]},"properties":{"asset":"FRGS013","candidates":"FRGS013","street":"Riverside Walk","variant":"A1","confidence":"Probable","basis":"Order along Riverside Walk between hand-painted 14 and 7 + GPS","painted":"","note":"","placed":"KCC asset position","dates":["2026-03-18"],"visits":[213],"photos":["20260318_133135.jpg","20260318_133058.jpg","20260318_133123.jpg"]}},{"type":"Feature","geometry":{"type":"Point","coordinates":[1.083512,51.285]},"properties":{"asset":"FRGS012","candidates":"FRGS012","street":"Riverside Walk","variant":"A1","confidence":"Probable","basis":"Order along Riverside Walk between hand-painted 14 and 7 + GPS","painted":"","note":"","placed":"KCC asset position","dates":["2026-03-18"],"visits":[214],"photos":["20260318_133329.jpg","20260318_133234.jpg","20260318_133305.jpg"]}},{"type":"Feature","geometry":{"type":"Point","coordinates":[1.083323,51.284764]},"properties":{"asset":"FRGS011","candidates":"FRGS011","street":"Riverside Walk","variant":"A1-alt","confidence":"Probable","basis":"Order along Riverside Walk between hand-painted 14 and 7 + GPS","painted":"","note":"","placed":"KCC asset position","dates":["2026-03-18"],"visits":[215],"photos":["20260318_133502.jpg","20260318_133406.jpg","20260318_133428.jpg"]}},{"type":"Feature","geometry":{"type":"Point","coordinates":[1.083061,51.284385]},"properties":{"asset":"FRGS010","candidates":"FRGS010","street":"Riverside Walk","variant":"A1","confidence":"Probable","basis":"Order along Riverside Walk between hand-painted 14 and 7 + GPS","painted":"","note":"","placed":"KCC asset position","dates":["2026-03-18"],"visits":[216],"photos":["20260318_133642.jpg","20260318_133544.jpg","20260318_133610.jpg"]}},{"type":"Feature","geometry":{"type":"Point","coordinates":[1.082863,51.284139]},"properties":{"asset":"FRGS009","candidates":"FRGS009","street":"Riverside Walk","variant":"A1","confidence":"Probable","basis":"Order along Riverside Walk between hand-painted 14 and 7 + GPS","painted":"","note":"","placed":"KCC asset position","dates":["2026-03-18"],"visits":[217],"photos":["20260318_133909.jpg","20260318_133751.jpg","20260318_133831.jpg"]}},{"type":"Feature","geometry":{"type":"Point","coordinates":[1.082669,51.284029]},"properties":{"asset":"FRGS008","candidates":"FRGS008","street":"Riverside Walk","variant":"A1","confidence":"Probable","basis":"Order along Riverside Walk between hand-painted 14 and 7 + GPS","painted":"","note":"","placed":"KCC asset position","dates":["2026-03-18"],"visits":[218],"photos":["20260318_134030.jpg","20260318_133938.jpg","20260318_133959.jpg"]}},{"type":"Feature","geometry":{"type":"Point","coordinates":[1.082396,51.283894]},"properties":{"asset":"FRGS007","candidates":"FRGS007","street":"Riverside Walk","variant":"A1","confidence":"Probable","basis":"Hand-painted number \"7\" on shaft + GPS","painted":"\"7\" (hand-painted)","note":"","placed":"KCC asset position","dates":["2026-03-18"],"visits":[219],"photos":["20260318_134222.jpg","20260318_134103.jpg","20260318_134133.jpg"]}},{"type":"Feature","geometry":{"type":"Point","coordinates":[1.082161,51.283748]},"properties":{"asset":"FRGS006","candidates":"FRGS006; FRGS005","street":"Riverside Walk","variant":"A1","confidence":"Likely","basis":"GPS (nearest column)","painted":"","note":"","placed":"KCC asset position","dates":["2026-03-18"],"visits":[220],"photos":["20260318_134353.jpg","20260318_134257.jpg","20260318_134327.jpg"]}},{"type":"Feature","geometry":{"type":"Point","coordinates":[1.081929,51.283683]},"properties":{"asset":"FRGS005","candidates":"FRGS005","street":"Riverside Walk","variant":"A1-alt","confidence":"Probable","basis":"Painted number, partly legible + GPS","painted":"FRGS???","note":"","placed":"KCC asset position","dates":["2026-03-18"],"visits":[221],"photos":["20260318_134516.jpg","20260318_134421.jpg","20260318_134450.jpg"]}},{"type":"Feature","geometry":{"type":"Point","coordinates":[1.081503,51.283551]},"properties":{"asset":"FRGS004","candidates":"FRGS004","street":"Riverside Walk","variant":"A1-alt","confidence":"Likely","basis":"GPS (nearest column)","painted":"","note":"Close-ups at 13:46 and the whole view at 13:47 are one column (door missing)","placed":"KCC asset position","dates":["2026-03-18"],"visits":[222],"photos":["20260318_134708.jpg","20260318_134602.jpg","20260318_134632.jpg"]}},{"type":"Feature","geometry":{"type":"Point","coordinates":[1.081347,51.283507]},"properties":{"asset":"FRGS003","candidates":"FRGS003; FRGS004","street":"Riverside Walk","variant":"A1","confidence":"Uncertain","basis":"GPS (one asset per visit per day)","painted":"","note":"","placed":"Photo GPS position","dates":["2026-03-18"],"visits":[223],"photos":["20260318_134902.jpg","20260318_134742.jpg","20260318_134839.jpg"]}},{"type":"Feature","geometry":{"type":"Point","coordinates":[1.080787,51.283068]},"properties":{"asset":"FRGS002","candidates":"FRGS002","street":"Riverside Walk","variant":"A1","confidence":"Likely","basis":"GPS (nearest column)","painted":"","note":"","placed":"KCC asset position","dates":["2026-03-18"],"visits":[224],"photos":["20260318_135108.jpg","20260318_134952.jpg","20260318_135017.jpg"]}},{"type":"Feature","geometry":{"type":"Point","coordinates":[1.080531,51.282717]},"properties":{"asset":"FRGS001","candidates":"FRGS001","street":"Riverside Walk","variant":"A1","confidence":"Likely","basis":"GPS (nearest column)","painted":"","note":"","placed":"KCC asset position","dates":["2026-03-18"],"visits":[225],"photos":["20260318_135322.jpg","20260318_135157.jpg","20260318_135219.jpg"]}},{"type":"Feature","geometry":{"type":"Point","coordinates":[1.080003,51.282657]},"properties":{"asset":"FPEM014","candidates":"FPEM014; FSKI011","street":"Pound Lane","variant":"A1","confidence":"Likely","basis":"GPS (nearest column)","painted":"","note":"","placed":"KCC asset position","dates":["2026-03-18"],"visits":[226],"photos":["20260318_135611.jpg","20260318_135451.jpg","20260318_135514.jpg"]}},{"type":"Feature","geometry":{"type":"Point","coordinates":[1.080699,51.282622]},"properties":{"asset":"FSKP009","candidates":"FSKP009","street":"St Radigunds Street","variant":"A1","confidence":"Confirmed","basis":"Painted asset number (full)","painted":"FSKP009","note":"","placed":"KCC asset position","dates":["2026-03-18"],"visits":[227],"photos":["20260318_135825.jpg","20260318_135731.jpg","20260318_135753.jpg"]}},{"type":"Feature","geometry":{"type":"Point","coordinates":[1.081017,51.282598]},"properties":{"asset":"FSKP008","candidates":"FSKP008","street":"St Radigunds Street","variant":"A1","confidence":"Confirmed","basis":"Painted asset number (full)","painted":"FSKP008","note":"","placed":"KCC asset position","dates":["2026-03-18"],"visits":[228],"photos":["20260318_140540.jpg","20260318_140428.jpg","20260318_140449.jpg"]}},{"type":"Feature","geometry":{"type":"Point","coordinates":[1.082023,51.282592]},"properties":{"asset":"FSKP005","candidates":"FSKP005","street":"St Radigunds Street","variant":"A1","confidence":"Confirmed","basis":"Painted asset number (full)","painted":"????005, FSKP005","note":"","placed":"KCC asset position","dates":["2026-03-18"],"visits":[229],"photos":["20260318_140929.jpg","20260318_140824.jpg","20260318_140847.jpg"]}},{"type":"Feature","geometry":{"type":"Point","coordinates":[1.082415,51.282516]},"properties":{"asset":"FSKP004","candidates":"FSKP004","street":"St Radigunds Street","variant":"A1","confidence":"Probable","basis":"Painted number, partly legible + GPS","painted":"????004","note":"","placed":"KCC asset position","dates":["2026-03-18"],"visits":[230],"photos":["20260318_141204.jpg","20260318_141050.jpg","20260318_141143.jpg"]}},{"type":"Feature","geometry":{"type":"Point","coordinates":[1.082642,51.282658]},"properties":{"asset":"FSKP003","candidates":"FSKP003; FSKP004","street":"St Radigunds Street","variant":"A1","confidence":"Uncertain","basis":"GPS (nearest column)","painted":"","note":"","placed":"Photo GPS position","dates":["2026-03-18"],"visits":[231],"photos":["20260318_141339.jpg","20260318_141252.jpg","20260318_141305.jpg"]}},{"type":"Feature","geometry":{"type":"Point","coordinates":[1.08309,51.282399]},"properties":{"asset":"FSKP001","candidates":"FSKP001","street":"St Radigunds Street","variant":"A1","confidence":"Strong","basis":"Painted number, partly legible (one match nearby)","painted":"KP0?1","note":"","placed":"KCC asset position","dates":["2026-03-18"],"visits":[232],"photos":["20260318_141512.jpg","20260318_141437.jpg","20260318_141443.jpg"]}},{"type":"Feature","geometry":{"type":"Point","coordinates":[1.081992,51.282434]},"properties":{"asset":"FKCB001","candidates":"FKCB001","street":"Knott's Lane","variant":"A1","confidence":"Likely","basis":"GPS (nearest column)","painted":"","note":"","placed":"KCC asset position","dates":["2026-03-18"],"visits":[233],"photos":["20260318_141901.jpg","20260318_141758.jpg","20260318_141837.jpg"]}},{"type":"Feature","geometry":{"type":"Point","coordinates":[1.081891,51.282245]},"properties":{"asset":"FKCB002","candidates":"FKCB002","street":"Knott's Lane","variant":"A1","confidence":"Strong","basis":"Painted number, partly legible (one match nearby)","painted":"KCB?02","note":"","placed":"KCC asset position","dates":["2026-03-18"],"visits":[234],"photos":["20260318_142029.jpg","20260318_141933.jpg","20260318_142004.jpg"]}},{"type":"Feature","geometry":{"type":"Point","coordinates":[1.081781,51.282049]},"properties":{"asset":"FKCB003","candidates":"FKCB003","street":"Knott's Lane","variant":"A1","confidence":"Confirmed","basis":"Painted asset number (full)","painted":"KCB003","note":"","placed":"KCC asset position","dates":["2026-03-18"],"visits":[235],"photos":["20260318_142322.jpg","20260318_142110.jpg","20260318_142141.jpg"]}},{"type":"Feature","geometry":{"type":"Point","coordinates":[1.078663,51.28344]},"properties":{"asset":"FTBV006","candidates":"FTBV006; FTBV005; FCNW004","street":"The Causeway","variant":"A1","confidence":"Uncertain","basis":"GPS (nearest column)","painted":"","note":"","placed":"Photo GPS position","dates":["2026-03-19"],"visits":[237],"photos":["20260319_133201.jpg","20260319_133057.jpg","20260319_133140.jpg"]}},{"type":"Feature","geometry":{"type":"Point","coordinates":[1.078777,51.28334]},"properties":{"asset":"FTBV005","candidates":"FTBV005","street":"The Causeway","variant":"A1","confidence":"Likely","basis":"GPS (nearest column)","painted":"","note":"","placed":"KCC asset position","dates":["2026-03-19"],"visits":[238],"photos":["20260319_133618.jpg","20260319_133340.jpg","20260319_133348.jpg"]}},{"type":"Feature","geometry":{"type":"Point","coordinates":[1.078694,51.283183]},"properties":{"asset":"FTBV004","candidates":"FTBV004","street":"The Causeway","variant":"A1","confidence":"Confirmed","basis":"Painted asset number (full)","painted":"TBV004","note":"","placed":"KCC asset position","dates":["2026-03-19"],"visits":[239],"photos":["20260319_133851.jpg","20260319_133806.jpg","20260319_133829.jpg"]}},{"type":"Feature","geometry":{"type":"Point","coordinates":[1.078908,51.283065]},"properties":{"asset":"FTBV003","candidates":"FTBV003","street":"The Causeway","variant":"A1","confidence":"Probable","basis":"Painted number, partly legible + GPS","painted":"??V???","note":"","placed":"KCC asset position","dates":["2026-03-19"],"visits":[240],"photos":["20260319_134034.jpg","20260319_133936.jpg","20260319_133956.jpg"]}},{"type":"Feature","geometry":{"type":"Point","coordinates":[1.078951,51.282903]},"properties":{"asset":"FTBV002","candidates":"FTBV002","street":"The Causeway","variant":"A1","confidence":"Confirmed","basis":"Painted asset number (full)","painted":"TBV002","note":"","placed":"KCC asset position","dates":["2026-03-19"],"visits":[241],"photos":["20260319_134218.jpg","20260319_134120.jpg","20260319_134142.jpg"]}},{"type":"Feature","geometry":{"type":"Point","coordinates":[1.079067,51.282791]},"properties":{"asset":"FTBV001","candidates":"FTBV001","street":"The Causeway","variant":"A1","confidence":"Strong","basis":"Painted number, partly legible (one match nearby)","painted":"TBV0?1","note":"","placed":"KCC asset position","dates":["2026-03-19"],"visits":[242],"photos":["20260319_134338.jpg","20260319_134246.jpg","20260319_134311.jpg"]}},{"type":"Feature","geometry":{"type":"Point","coordinates":[1.079299,51.282695]},"properties":{"asset":"FPEM012","candidates":"FPEM012","street":"Pound Lane","variant":"A1","confidence":"Likely","basis":"GPS (nearest column)","painted":"","note":"","placed":"KCC asset position","dates":["2026-03-19"],"visits":[243],"photos":["20260319_134545.jpg","20260319_134424.jpg","20260319_134518.jpg"]}},{"type":"Feature","geometry":{"type":"Point","coordinates":[1.078909,51.282714]},"properties":{"asset":"FPEM011","candidates":"FPEM011","street":"Pound Lane","variant":"A1","confidence":"Probable","basis":"Painted number, partly legible + GPS","painted":"???011","note":"","placed":"KCC asset position","dates":["2026-03-19"],"visits":[244],"photos":["20260319_134758.jpg","20260319_134708.jpg","20260319_134731.jpg"]}},{"type":"Feature","geometry":{"type":"Point","coordinates":[1.078566,51.282714]},"properties":{"asset":"FPEM010","candidates":"FPEM010; FPEM011","street":"Pound Lane","variant":"A1","confidence":"Likely","basis":"GPS (nearest column)","painted":"","note":"","placed":"KCC asset position","dates":["2026-03-19"],"visits":[245],"photos":["20260319_135013.jpg","20260319_134904.jpg","20260319_134931.jpg"]}},{"type":"Feature","geometry":{"type":"Point","coordinates":[1.077782,51.282621]},"properties":{"asset":"FPEM009","candidates":"FPEM009; FPEM008","street":"Pound Lane","variant":"A1","confidence":"Likely","basis":"GPS (nearest column)","painted":"","note":"","placed":"KCC asset position","dates":["2026-03-19"],"visits":[246],"photos":["20260319_135253.jpg","20260319_135153.jpg","20260319_135222.jpg"]}},{"type":"Feature","geometry":{"type":"Point","coordinates":[1.077558,51.282275]},"properties":{"asset":"FPEM008","candidates":"FPEM008; FPEN001","street":"Pound Lane","variant":"A1","confidence":"Uncertain","basis":"GPS (nearest column)","painted":"","note":"","placed":"Photo GPS position","dates":["2026-03-19"],"visits":[247],"photos":["20260319_135432.jpg","20260319_135344.jpg","20260319_135402.jpg"]}},{"type":"Feature","geometry":{"type":"Point","coordinates":[1.077762,51.281345]},"properties":{"asset":"FWCV001","candidates":"FWCV001","street":"Westgate Hall Road","variant":"A1","confidence":"Confirmed","basis":"Painted asset number (full)","painted":"WCV001","note":"","placed":"KCC asset position","dates":["2026-03-19"],"visits":[248],"photos":["20260319_135936.jpg","20260319_135850.jpg","20260319_135908.jpg"]}},{"type":"Feature","geometry":{"type":"Point","coordinates":[1.077896,51.281393]},"properties":{"asset":"FSKI004","candidates":"FSKI004","street":"St Peter's Lane","variant":"A1","confidence":"Probable","basis":"Painted number, partly legible + GPS","painted":"???004","note":"","placed":"KCC asset position","dates":["2026-03-19"],"visits":[249],"photos":["20260319_142303.jpg","20260319_140522.jpg","20260319_140551.jpg"]}},{"type":"Feature","geometry":{"type":"Point","coordinates":[1.07834,51.281593]},"properties":{"asset":"FSKI005","candidates":"FSKI005","street":"St Peter's Lane","variant":"A1","confidence":"Confirmed","basis":"Painted asset number (full)","painted":"SKI005","note":"","placed":"KCC asset position","dates":["2026-03-19"],"visits":[250],"photos":["20260319_142440.jpg","20260319_142351.jpg","20260319_142413.jpg"]}},{"type":"Feature","geometry":{"type":"Point","coordinates":[1.078618,51.281745]},"properties":{"asset":"FSKI006","candidates":"FSKI006","street":"St Peter's Lane","variant":"A1","confidence":"Probable","basis":"Painted number, partly legible + GPS","painted":"SKI00?","note":"","placed":"KCC asset position","dates":["2026-03-19"],"visits":[251],"photos":["20260319_142612.jpg","20260319_142520.jpg","20260319_142544.jpg"]}},{"type":"Feature","geometry":{"type":"Point","coordinates":[1.079151,51.282055]},"properties":{"asset":"FSKI008","candidates":"FSKI008","street":"St Peter's Lane","variant":"A1","confidence":"Confirmed","basis":"Painted asset number (full)","painted":"FSKI008","note":"","placed":"KCC asset position","dates":["2026-03-19"],"visits":[252],"photos":["20260319_142815.jpg","20260319_142713.jpg","20260319_142752.jpg"]}},{"type":"Feature","geometry":{"type":"Point","coordinates":[1.079468,51.28223]},"properties":{"asset":"FSKI009","candidates":"FSKI009","street":"St Peter's Lane","variant":"A1","confidence":"Confirmed","basis":"Painted asset number (full)","painted":"FSKI009","note":"","placed":"KCC asset position","dates":["2026-03-19"],"visits":[253],"photos":["20260319_142949.jpg","20260319_142852.jpg","20260319_142926.jpg"]}},{"type":"Feature","geometry":{"type":"Point","coordinates":[1.079573,51.282399]},"properties":{"asset":"FSKI010","candidates":"FSKI010","street":"St Peter's Lane","variant":"A1","confidence":"Likely","basis":"GPS (nearest column)","painted":"","note":"","placed":"KCC asset position","dates":["2026-03-19"],"visits":[254],"photos":["20260319_143128.jpg","20260319_143031.jpg","20260319_143051.jpg"]}},{"type":"Feature","geometry":{"type":"Point","coordinates":[1.079667,51.282566]},"properties":{"asset":"FSKI011","candidates":"FSKI011","street":"St Peter's Lane","variant":"A1","confidence":"Confirmed","basis":"Painted asset number (full)","painted":"FSKI011","note":"","placed":"KCC asset position","dates":["2026-03-19"],"visits":[255],"photos":["20260319_143251.jpg","20260319_143205.jpg","20260319_143222.jpg"]}},{"type":"Feature","geometry":{"type":"Point","coordinates":[1.077636,51.281211]},"properties":{"asset":"FSKI003","candidates":"FSKI003","street":"St Peter's Lane","variant":"A1","confidence":"Confirmed","basis":"Painted asset number (full)","painted":"SKI003","note":"","placed":"KCC asset position","dates":["2026-03-19"],"visits":[256],"photos":["20260319_143737.jpg","20260319_143703.jpg","20260319_143805.jpg"]}},{"type":"Feature","geometry":{"type":"Point","coordinates":[1.077645,51.280955]},"properties":{"asset":"FSKI002","candidates":"FSKI002","street":"St Peter's Lane","variant":"A1","confidence":"Probable","basis":"Painted number, partly legible + GPS","painted":"???002","note":"","placed":"KCC asset position","dates":["2026-03-19"],"visits":[257],"photos":["20260319_144018.jpg","20260319_143932.jpg","20260319_143958.jpg"]}},{"type":"Feature","geometry":{"type":"Point","coordinates":[1.082472,51.282225]},"properties":{"asset":"FSKP004","candidates":"FSKP004; FSKP003; FCFQ003","street":"St Radigunds Street","variant":"A1","confidence":"Uncertain","basis":"GPS (nearest column)","painted":"","note":"","placed":"Photo GPS position","dates":["2026-03-22"],"visits":[258],"photos":["20260322_143012.jpg","20260322_142923.jpg","20260322_142933.jpg"]}},{"type":"Feature","geometry":{"type":"Point","coordinates":[1.082592,51.282467]},"properties":{"asset":"FSKP003","candidates":"FSKP003; FCFQ003; FSKP004","street":"St Radigunds Street","variant":"A1","confidence":"Uncertain","basis":"GPS (nearest column)","painted":"","note":"","placed":"Photo GPS position","dates":["2026-03-22"],"visits":[259],"photos":["20260322_143151.jpg"]}},{"type":"Feature","geometry":{"type":"Point","coordinates":[1.080273,51.282533]},"properties":{"asset":"FPEM015","candidates":"FPEM015","street":"Pound Lane","variant":"A1","confidence":"Strong","basis":"Painted number, partly legible (one match nearby)","painted":"?EM015","note":"","placed":"KCC asset position","dates":["2026-03-26"],"visits":[260],"photos":["20260326_140645.jpg","20260326_140631.jpg","20260326_140652.jpg"]}},{"type":"Feature","geometry":{"type":"Point","coordinates":[1.075948,51.275284]},"properties":{"asset":"FCCA003","candidates":"FCCA003; FCCA004; FDAG039","street":"Castle Row","variant":"X-mod","confidence":"Uncertain","basis":"GPS (nearest column)","painted":"","note":"","placed":"Photo GPS position","dates":["2026-03-28"],"visits":[261],"photos":["20260328_123248.jpg"]}},{"type":"Feature","geometry":{"type":"Point","coordinates":[1.077394,51.283716]},"properties":{"asset":"FOEB008","candidates":"FOEB008","street":"Orient Place","variant":"B1","confidence":"Likely","basis":"GPS (nearest column)","painted":"OE?, OEB??S8","note":"","placed":"KCC asset position","dates":["2026-03-28"],"visits":[262],"photos":["20260328_125551.jpg","20260328_125534.jpg","20260328_125540.jpg"]}},{"type":"Feature","geometry":{"type":"Point","coordinates":[1.07729,51.284027]},"properties":{"asset":"FOEB006","candidates":"FOEB006","street":"Orient Place","variant":"B1","confidence":"Likely","basis":"Revisit of the 12:57 Orient Place column (same sticker) + GPS","painted":"","note":"","placed":"KCC asset position","dates":["2026-03-28"],"visits":[266,263],"photos":["20260328_130315.jpg"]}},{"type":"Feature","geometry":{"type":"Point","coordinates":[1.077471,51.284391]},"properties":{"asset":"FOEB004","candidates":"FOEB004","street":"Orient Place","variant":"B1","confidence":"Probable","basis":"Painted number, partly legible + GPS","painted":"O?????","note":"","placed":"KCC asset position","dates":["2026-03-28"],"visits":[264],"photos":["20260328_130017.jpg","20260328_125934.jpg","20260328_125944.jpg"]}},{"type":"Feature","geometry":{"type":"Point","coordinates":[1.077689,51.284587]},"properties":{"asset":"FOEB003","candidates":"FOEB003; FOEB004","street":"Orient Place","variant":"B1","confidence":"Likely","basis":"GPS (nearest column)","painted":"","note":"","placed":"KCC asset position","dates":["2026-03-28"],"visits":[265],"photos":["20260328_130144.jpg","20260328_130054.jpg","20260328_130101.jpg"]}},{"type":"Feature","geometry":{"type":"Point","coordinates":[1.063788,51.281986]},"properties":{"asset":"FRGT001","candidates":"FRGT001","street":"Rheims Court","variant":"B2","confidence":"Confirmed","basis":"Painted asset number (full)","painted":"RGT001","note":"","placed":"KCC asset position","dates":["2026-04-02"],"visits":[267],"photos":["20260402_135759.jpg","20260402_135705.jpg","20260402_135733.jpg"]}},{"type":"Feature","geometry":{"type":"Point","coordinates":[1.063847,51.282103]},"properties":{"asset":"FLCS302","candidates":"FLCS302; FRGT002","street":"London Road","variant":"B2","confidence":"Uncertain","basis":"GPS (one asset per visit per day)","painted":"","note":"","placed":"Photo GPS position","dates":["2026-04-02"],"visits":[268],"photos":["20260402_135935.jpg","20260402_135841.jpg","20260402_135923.jpg"]}},{"type":"Feature","geometry":{"type":"Point","coordinates":[1.0637,51.282287]},"properties":{"asset":"FRGT002","candidates":"FRGT002; FRGT003","street":"Rheims Court","variant":"B2","confidence":"Uncertain","basis":"Painted number, partly legible + GPS","painted":"RGT00?","note":"","placed":"Photo GPS position","dates":["2026-04-02"],"visits":[269],"photos":["20260402_140049.jpg","20260402_140027.jpg","20260402_140035.jpg"]}},{"type":"Feature","geometry":{"type":"Point","coordinates":[1.06346,51.282403]},"properties":{"asset":"FRGT003","candidates":"FRGT003; FRGT004","street":"Rheims Court","variant":"B2","confidence":"Uncertain","basis":"GPS (nearest column)","painted":"","note":"","placed":"Photo GPS position","dates":["2026-04-02"],"visits":[270],"photos":["20260402_140127.jpg","20260402_140137.jpg"]}},{"type":"Feature","geometry":{"type":"Point","coordinates":[1.063293,51.28248]},"properties":{"asset":"FRGT004","candidates":"FRGT004; FRGT003; FRGT005","street":"Rheims Court","variant":"B2","confidence":"Likely","basis":"GPS (nearest column)","painted":"","note":"","placed":"KCC asset position","dates":["2026-04-02"],"visits":[271],"photos":["20260402_140158.jpg"]}},{"type":"Feature","geometry":{"type":"Point","coordinates":[1.075411,51.285258]},"properties":{"asset":"FSRG001","candidates":"FSRG001","street":"Shepherdsgate","variant":"B2","confidence":"Likely","basis":"GPS (nearest column)","painted":"","note":"","placed":"KCC asset position","dates":["2026-04-02"],"visits":[272],"photos":["20260402_142238.jpg","20260402_142210.jpg","20260402_142226.jpg"]}},{"type":"Feature","geometry":{"type":"Point","coordinates":[1.075713,51.285327]},"properties":{"asset":"FSRG002","candidates":"FSRG002","street":"Shepherdsgate","variant":"B2","confidence":"Probable","basis":"Painted number, partly legible + GPS","painted":"??????2","note":"","placed":"KCC asset position","dates":["2026-04-02"],"visits":[273],"photos":["20260402_142342.jpg","20260402_142316.jpg","20260402_142325.jpg"]}},{"type":"Feature","geometry":{"type":"Point","coordinates":[1.075709,51.285042]},"properties":{"asset":"FSRG003","candidates":"FSRG003","street":"Shepherdsgate","variant":"B2","confidence":"Likely","basis":"GPS (nearest column)","painted":"","note":"","placed":"KCC asset position","dates":["2026-04-02"],"visits":[274],"photos":["20260402_142541.jpg","20260402_142452.jpg","20260402_142524.jpg"]}},{"type":"Feature","geometry":{"type":"Point","coordinates":[1.075853,51.285767]},"properties":{"asset":"FREQ016","candidates":"FREQ016; FCNO001","street":"Roper Road","variant":"B2","confidence":"Uncertain","basis":"GPS (one asset per visit per day)","painted":"F??????","note":"","placed":"Photo GPS position","dates":["2026-04-02"],"visits":[275],"photos":["20260402_142810.jpg","20260402_142750.jpg","20260402_142800.jpg"]}},{"type":"Feature","geometry":{"type":"Point","coordinates":[1.075873,51.285764]},"properties":{"asset":"FCNO001","candidates":"FCNO001","street":"Coppergate","variant":"B2","confidence":"Probable","basis":"Painted number, partly legible + GPS","painted":"FCNO00?","note":"","placed":"KCC asset position","dates":["2026-04-02"],"visits":[276],"photos":["20260402_142913.jpg","20260402_142854.jpg","20260402_142903.jpg"]}},{"type":"Feature","geometry":{"type":"Point","coordinates":[1.076205,51.285592]},"properties":{"asset":"FCNO003","candidates":"FCNO003","street":"Coppergate","variant":"B2","confidence":"Confirmed","basis":"Painted asset number (full)","painted":"FCNO003","note":"","placed":"KCC asset position","dates":["2026-04-02"],"visits":[277],"photos":["20260402_143035.jpg","20260402_143014.jpg","20260402_143024.jpg"]}},{"type":"Feature","geometry":{"type":"Point","coordinates":[1.087663,51.286527]},"properties":{"asset":"","candidates":"","street":"Riverside path (near Westwood Drive)","variant":"A1","confidence":"No match","basis":"GPS: no KCC column within 45 m","painted":"","note":"Nearest KCC column is FWJU001 at 75 m; this column is probably not in the KCC extract","placed":"Photo GPS position","dates":["2026-05-01"],"visits":[279],"photos":["20260501_121947.jpg","20260501_121838.jpg","20260501_121913.jpg"]}},{"type":"Feature","geometry":{"type":"Point","coordinates":[1.088078,51.286597]},"properties":{"asset":"","candidates":"","street":"Riverside path (near New Town Street)","variant":"A1","confidence":"No match","basis":"GPS: no KCC column within 45 m","painted":"","note":"Nearest KCC column is FNBL004 at 50 m; this column is probably not in the KCC extract","placed":"Photo GPS position","dates":["2026-05-01"],"visits":[280],"photos":["20260501_122053.jpg","20260501_122030.jpg","20260501_122042.jpg"]}},{"type":"Feature","geometry":{"type":"Point","coordinates":[1.088365,51.286762]},"properties":{"asset":"FNBL004","candidates":"FNBL004; FWJU001","street":"New Town Street","variant":"A1","confidence":"Uncertain","basis":"GPS (nearest column)","painted":"","note":"Nearest KCC column is 36 m away; this column may not be in the KCC extract; FNBL004 is also the top candidate for visit(s) 282 on the same day, so at most one is right","placed":"Photo GPS position","dates":["2026-05-01"],"visits":[281],"photos":["20260501_122158.jpg","20260501_122126.jpg","20260501_122131.jpg"]}},{"type":"Feature","geometry":{"type":"Point","coordinates":[1.08863,51.2869]},"properties":{"asset":"FNBL004","candidates":"FNBL004; FWJU001","street":"New Town Street","variant":"A1","confidence":"Uncertain","basis":"GPS (nearest column)","painted":"","note":"Nearest KCC column is 38 m away; this column may not be in the KCC extract; FNBL004 is also the top candidate for visit(s) 281 on the same day, so at most one is right","placed":"Photo GPS position","dates":["2026-05-01"],"visits":[282],"photos":["20260501_122259.jpg","20260501_122228.jpg","20260501_122235.jpg"]}},{"type":"Feature","geometry":{"type":"Point","coordinates":[1.088758,51.287047]},"properties":{"asset":"FWJU002","candidates":"FWJU002; FWJU001","street":"Westwood Drive","variant":"A1","confidence":"Uncertain","basis":"GPS (nearest column)","painted":"","note":"Nearest KCC column is 44 m away; this column may not be in the KCC extract","placed":"Photo GPS position","dates":["2026-05-01"],"visits":[283],"photos":["20260501_122401.jpg","20260501_122333.jpg","20260501_122339.jpg"]}},{"type":"Feature","geometry":{"type":"Point","coordinates":[1.089025,51.287228]},"properties":{"asset":"FWJU003","candidates":"FWJU003; FBAW310; FWJU004","street":"Westwood Drive","variant":"A1","confidence":"Uncertain","basis":"GPS (nearest column)","painted":"","note":"Nearest KCC column is 37 m away; this column may not be in the KCC extract","placed":"Photo GPS position","dates":["2026-05-01"],"visits":[284],"photos":["20260501_122524.jpg","20260501_122458.jpg","20260501_122505.jpg"]}},{"type":"Feature","geometry":{"type":"Point","coordinates":[1.089562,51.287127]},"properties":{"asset":"FBAW310","candidates":"FBAW310; FBAW309","street":"Barton Mill Road","variant":"A1","confidence":"Likely","basis":"GPS (nearest column)","painted":"","note":"","placed":"KCC asset position","dates":["2026-05-01"],"visits":[285],"photos":["20260501_123319.jpg","20260501_122602.jpg","20260501_122608.jpg"]}},{"type":"Feature","geometry":{"type":"Point","coordinates":[1.089713,51.287315]},"properties":{"asset":"FBAW309","candidates":"FBAW309; FBAW310","street":"Barton Mill Road","variant":"A1","confidence":"Likely","basis":"GPS (nearest column)","painted":"","note":"","placed":"KCC asset position","dates":["2026-05-01"],"visits":[286],"photos":["20260501_123435.jpg","20260501_123406.jpg","20260501_123412.jpg"]}},{"type":"Feature","geometry":{"type":"Point","coordinates":[1.089493,51.28768]},"properties":{"asset":"FWJU004","candidates":"FWJU004; FBAW309","street":"Westwood Drive","variant":"A1","confidence":"Uncertain","basis":"GPS (nearest column)","painted":"","note":"Nearest KCC column is 42 m away; this column may not be in the KCC extract","placed":"Photo GPS position","dates":["2026-05-01"],"visits":[287],"photos":["20260501_123535.jpg","20260501_123508.jpg","20260501_123518.jpg"]}},{"type":"Feature","geometry":{"type":"Point","coordinates":[1.090162,51.287574]},"properties":{"asset":"FBAW308","candidates":"FBAW308","street":"Barton Mill Road","variant":"A1","confidence":"Likely","basis":"GPS (nearest column)","painted":"","note":"","placed":"KCC asset position","dates":["2026-05-01"],"visits":[288],"photos":["20260501_123630.jpg","20260501_123611.jpg","20260501_123613.jpg"]}},{"type":"Feature","geometry":{"type":"Point","coordinates":[1.087377,51.286485]},"properties":{"asset":"","candidates":"","street":"Riverside path (near Ambleside Place)","variant":"A1","confidence":"No match","basis":"GPS: no KCC column within 45 m","painted":"","note":"Nearest KCC column is FAFG301 at 82 m (matched to another visit); this column is probably not in the KCC extract","placed":"Photo GPS position","dates":["2026-05-01"],"visits":[289],"photos":["20260501_133301.jpg","20260501_133233.jpg","20260501_133240.jpg"]}},{"type":"Feature","geometry":{"type":"Point","coordinates":[1.0872,51.286298]},"properties":{"asset":"","candidates":"","street":"Riverside path (near Ambleside Place)","variant":"A1","confidence":"No match","basis":"GPS: no KCC column within 45 m","painted":"","note":"Nearest KCC column is FAFG301 at 73 m (matched to another visit); this column is probably not in the KCC extract","placed":"Photo GPS position","dates":["2026-05-01"],"visits":[290],"photos":["20260501_133408.jpg","20260501_133343.jpg","20260501_133349.jpg"]}},{"type":"Feature","geometry":{"type":"Point","coordinates":[1.086845,51.286288]},"properties":{"asset":"","candidates":"","street":"Riverside path (near Ambleside Place)","variant":"A1","confidence":"No match","basis":"GPS: no KCC column within 45 m","painted":"","note":"Nearest KCC column is FAFG301 at 51 m (matched to another visit); this column is probably not in the KCC extract","placed":"Photo GPS position","dates":["2026-05-01"],"visits":[291],"photos":["20260501_133510.jpg","20260501_133447.jpg","20260501_133452.jpg"]}},{"type":"Feature","geometry":{"type":"Point","coordinates":[1.086196,51.286493]},"properties":{"asset":"FAFG301","candidates":"FAFG301","street":"Ambleside Place","variant":"A1","confidence":"Likely","basis":"Order along footpath (KCC: 1st\u20135th towards Kingsmead Road) + GPS","painted":"","note":"","placed":"KCC asset position","dates":["2026-05-01"],"visits":[292],"photos":["20260501_133613.jpg","20260501_133556.jpg","20260501_133601.jpg"]}},{"type":"Feature","geometry":{"type":"Point","coordinates":[1.085807,51.286417]},"properties":{"asset":"FAFG302","candidates":"FAFG302","street":"Ambleside Place","variant":"A1","confidence":"Likely","basis":"Order along footpath (KCC: 1st\u20135th towards Kingsmead Road) + GPS","painted":"","note":"","placed":"KCC asset position","dates":["2026-05-01"],"visits":[293],"photos":["20260501_133717.jpg","20260501_133651.jpg","20260501_133658.jpg"]}},{"type":"Feature","geometry":{"type":"Point","coordinates":[1.085286,51.286269]},"properties":{"asset":"FAFG303","candidates":"FAFG303","street":"Ambleside Place","variant":"A1","confidence":"Likely","basis":"Order along footpath (KCC: 1st\u20135th towards Kingsmead Road) + GPS","painted":"","note":"","placed":"KCC asset position","dates":["2026-05-01"],"visits":[294],"photos":["20260501_133829.jpg","20260501_133805.jpg","20260501_133810.jpg"]}},{"type":"Feature","geometry":{"type":"Point","coordinates":[1.084995,51.286171]},"properties":{"asset":"FAFG304","candidates":"FAFG304","street":"Ambleside Place","variant":"A1","confidence":"Likely","basis":"Order along footpath (KCC: 1st\u20135th towards Kingsmead Road) + GPS","painted":"","note":"","placed":"KCC asset position","dates":["2026-05-01"],"visits":[295],"photos":["20260501_133942.jpg","20260501_133916.jpg","20260501_133924.jpg"]}},{"type":"Feature","geometry":{"type":"Point","coordinates":[1.08461,51.286029]},"properties":{"asset":"FAFG305","candidates":"FAFG305","street":"Ambleside Place","variant":"A1","confidence":"Likely","basis":"Order along footpath (KCC: 1st\u20135th towards Kingsmead Road) + GPS","painted":"","note":"","placed":"KCC asset position","dates":["2026-05-01"],"visits":[296],"photos":["20260501_134057.jpg","20260501_134032.jpg","20260501_134037.jpg"]}},{"type":"Feature","geometry":{"type":"Point","coordinates":[1.083466,51.276327]},"properties":{"asset":"FDCX001","candidates":"FDCX001","street":"Dover Street","variant":"A1","confidence":"Confirmed","basis":"Painted asset number (full)","painted":"FDCX001","note":"","placed":"KCC asset position","dates":["2026-10-04"],"visits":[297],"photos":["IMG_20261004_131410.jpg","IMG_20261004_131324.jpg","IMG_20261004_131308.jpg"]}}]}